Iteration,Experiment Index,Experiment Parameters,Suggested Parameters,Observed Elastic Modulus,Max Modulus in Dataset,Stopping Reason,Resolved_Document,Rerank_Score_v35
0,26,Initial Selection,,42.736240369816734,296.35081017123304,Initial selection,Initial Selection,0.040347535
1,34,Index: 22; Auto: True; Heating: False; Concentration: 14.0; Heating Block Temperature: 25; Mixed: True; Rest Time (days): 1; Coupon-to-Bath Wait Time (min): 0.0; Relative Humidity: 49; Nitrogen (Side from drop): 0; Nitrogen (After blade): 0,"Based on the single data point provided, I'll recommend a next experiment that aims to maximize the elastic modulus. Since we have limited data, I'll make an educated recommendation based on polymer membrane science principles:

Recommended next experiment:

- Index: 22
- Auto: True
- Heating: True (changing from False to True to potentially improve polymer dissolution)
- Concentration: 15.0 (increasing from 12.0 as higher polymer concentration often yields higher modulus)
- Heating Block Temperature: 40 (increasing from 25 to enhance polymer dissolution)
- Mixed: True
- Rest Time (days): 2 (increasing from 1 to allow better polymer chain relaxation)
- Coupon-to-Bath Wait Time (min): 1.0 (increasing slightly to allow more solvent evaporation)
- Relative Humidity: 35 (decreasing from 49 to potentially create a denser skin layer)
- Nitrogen (Side from drop): 0
- Nitrogen (After blade): 1 (adding nitrogen flow after blade to promote controlled evaporation)

This recommendation aims to increase modulus by:
1) Increasing polymer concentration which typically correlates with higher mechanical strength
2) Improving polymer dissolution through heating
3) Allowing longer polymer relaxation time
4) Creating conditions for a denser membrane structure through controlled evaporation and humidity",88.47667256854467,296.35081017123304,Continuing,"# Experimental Report: Automated Membrane Synthesis via NIPS

## Experiment Details
- **Experiment ID**: 22
- **Synthesis Method**: Automated NIPS (Non-solvent-Induced Phase Separation)

## Materials
- **Polymer**: Polysulfone (14.0% concentration)
- **Solvent**: PolarClean

## Procedure
1. The polymer solution was automatically mixed by the robotic system at room temperature (25??C) without heating.
2. The mixed solution was allowed to rest in a sample vial for 1 day.
3. The solution was automatically drop-cast onto the substrate and then blade-cast.
4. The cast film was immediately immersed in the NIPS bath (0.0 min wait time).
5. No nitrogen flow was applied either from the side after drop-casting or after blade-casting.
6. The ambient relative humidity during synthesis was 49%.

This experiment was part of a systematic investigation of processing parameters for membrane synthesis using an automated robotic platform.",0.55362654
2,40,Index: 23; Auto: True; Heating: False; Concentration: 16.0; Heating Block Temperature: 25; Mixed: True; Rest Time (days): 1; Coupon-to-Bath Wait Time (min): 0.0; Relative Humidity: 49; Nitrogen (Side from drop): 0; Nitrogen (After blade): 0,"Based on the two observations provided, I can see that increasing the polymer concentration from 12.0% to 14.0% resulted in a significant improvement in elastic modulus (from 42.74 to 88.48 bar). This suggests that higher polymer concentration leads to stronger membranes, which is consistent with polymer science principles where increased polymer content typically enhances mechanical properties.

For the next experiment to maximize modulus, I recommend:

Parameters:
- Index: 23 (next in sequence)
- Auto: True (maintain automated process for consistency)
- Heating: False (maintain as in previous experiments)
- Concentration: 16.0 (increase concentration further to explore upper range)
- Heating Block Temperature: 25 (maintain as in previous experiments)
- Mixed: True (maintain robot mixing for consistency)
- Rest Time (days): 1 (maintain as in previous experiments)
- Coupon-to-Bath Wait Time (min): 0.0 (maintain as in previous experiments)
- Relative Humidity: 49 (maintain as in previous experiments)
- Nitrogen (Side from drop): 0 (maintain as in previous experiments)
- Nitrogen (After blade): 0 (maintain as in previous experiments)

This experiment maintains all parameters constant except for concentration, which I've increased to 16.0% to continue exploring the trend of improved modulus with higher polymer content. If this trend continues, we should see an even higher elastic modulus value.",162.77817832797786,296.35081017123304,Continuing,"# Experimental Report: Automated Membrane Synthesis via NIPS

## Experiment Parameters
- **Experiment ID**: 23
- **Synthesis Method**: Automated NIPS (Non-solvent-Induced Phase Separation)
- **Polymer**: Polysulfone at 16.0% concentration
- **Solvent**: PolarClean

## Procedure
1. The polymer solution was automatically mixed by the robotic system at room temperature (25??C) without heating.
2. The mixed solution was allowed to rest in a sample vial for 1 day.
3. The solution was automatically drop-cast onto the substrate and then blade-cast.
4. The cast film was immediately immersed in the NIPS bath (0.0 minutes wait time).
5. The entire process was conducted at 49% relative humidity.
6. No nitrogen flow was applied either during the side-drop process or after blade casting.

This experiment represents one condition in a systematic study of membrane formation parameters using an automated robotic synthesis platform.",0.7555112
3,27,Index: 25; Auto: True; Heating: False; Concentration: 12.0; Heating Block Temperature: 25; Mixed: True; Rest Time (days): 1; Coupon-to-Bath Wait Time (min): 0.0; Relative Humidity: 80; Nitrogen (Side from drop): 1; Nitrogen (After blade): 0,"# Recommendation for Next Experiment to Maximize Modulus

Based on the provided experimental data, I observe a clear trend where increasing polymer concentration correlates strongly with higher elastic modulus values:

- 12.0% concentration → 42.74 bar modulus
- 14.0% concentration → 88.48 bar modulus
- 16.0% concentration → 162.78 bar modulus

This shows a non-linear increase in modulus with concentration, suggesting we should continue exploring higher concentration values.

## Recommended Next Experiment:

- Index: 24
- Auto: True
- Heating: False
- Concentration: 18.0
- Heating Block Temperature: 25
- Mixed: True
- Rest Time (days): 1
- Coupon-to-Bath Wait Time (min): 0.0
- Relative Humidity: 49
- Nitrogen (Side from drop): 0
- Nitrogen (After blade): 0

## Rationale:
The data shows that increasing polymer concentration from 12% to 16% dramatically improved the elastic modulus from 42.74 to 162.78 bar. The relationship appears to be potentially exponential, suggesting further gains at 18% concentration. All other parameters should be kept constant to isolate the effect of concentration and confirm this trend.",141.45379911190125,296.35081017123304,Continuing,"# Experimental Report: Automated Membrane Synthesis via NIPS

## Methodology
Polysulfone membranes were synthesized using non-solvent-induced phase separation (NIPS) with an automated robotic system. The polymer solution (12.0% w/w polysulfone in PolarClean solvent) was prepared at room temperature (25??C) without additional heating. The solution was automatically mixed by the robotic system and allowed to rest for 1 day in a sample vial before processing.

## Procedure
The polymer solution was drop-cast onto the substrate coupon with continuous dry nitrogen flow applied from the side to minimize humidity effects. After drop-casting, the solution was blade-cast without nitrogen flow. The cast film was immediately transferred to the NIPS bath (0.0 min wait time) for phase inversion. The ambient relative humidity during synthesis was 80%.

## Experimental Parameters
- Experiment ID: 25
- Process: Fully automated
- Polymer concentration: 12.0% w/w
- Solution preparation: Robot-mixed at room temperature
- Rest period: 1 day
- Humidity control: Side nitrogen flow during drop-casting only
- Immediate immersion in coagulation bath

This experiment represents one condition in a systematic study of processing parameters for membrane fabrication via NIPS.",0.3106635
4,30,Index: 47; Auto: True; Heating: False; Concentration: 12.0; Heating Block Temperature: 25; Mixed: True; Rest Time (days): 0; Coupon-to-Bath Wait Time (min): 0.0; Relative Humidity: 74; Nitrogen (Side from drop): 0; Nitrogen (After blade): 0,"# Recommendation for Next Experiment to Maximize Modulus

Based on the provided experimental data, I can identify several trends that suggest how to maximize the elastic modulus:

1. **Concentration effect**: There's a clear positive correlation between polymer concentration and modulus:
   - 12% concentration → 42.74 bar
   - 14% concentration → 88.48 bar
   - 16% concentration → 162.78 bar

2. **Environmental conditions**: Experiment #25 shows that higher relative humidity (80% vs 49%) and nitrogen flow from the side significantly improved modulus for 12% concentration (141.45 bar vs 42.74 bar).

## Recommended Next Experiment Parameters:

- **Index**: 26 (next in sequence)
- **Auto**: True
- **Heating**: False
- **Concentration**: 18.0% (increasing from 16% to continue the positive trend)
- **Heating Block Temperature**: 25
- **Mixed**: True
- **Rest Time (days)**: 1
- **Coupon-to-Bath Wait Time (min)**: 0.0
- **Relative Humidity**: 80 (using the higher humidity that showed benefits)
- **Nitrogen (Side from drop)**: 1 (using nitrogen flow that showed benefits)
- **Nitrogen (After blade)**: 0

This experiment combines the highest polymer concentration with the environmental conditions that showed positive effects on modulus, which should theoretically yield the highest modulus value yet.",42.124759091300646,296.35081017123304,Continuing,"# Experimental Report: Automated Membrane Synthesis via NIPS

## Experiment Parameters
- **Experiment ID**: 47
- **Synthesis Method**: Automated robotic system
- **Polymer**: Polysulfone at 12.0% concentration in PolarClean solvent
- **Processing Conditions**:
  - Solution mixed by robotic system at room temperature (25??C)
  - No heating applied during mixing
  - No solution rest period (used immediately after mixing)
  - Zero wait time between blade casting and NIPS bath immersion
  - High ambient relative humidity (74%)
  - No nitrogen flow applied at any stage of the process

## Methodology
A polysulfone solution (12.0% w/w) was prepared in PolarClean solvent using the automated robotic system at room temperature. The solution was immediately blade-cast onto the substrate without a rest period. The cast film was immediately immersed into the non-solvent bath (0.0 minutes wait time) to induce phase separation. The entire process was conducted under ambient conditions with relatively high humidity (74% RH) without any humidity control measures (no nitrogen flow).",0.26619795
5,28,Index: 28; Auto: True; Heating: False; Concentration: 12.0; Heating Block Temperature: 25; Mixed: True; Rest Time (days): 1; Coupon-to-Bath Wait Time (min): 0.0; Relative Humidity: 54; Nitrogen (Side from drop): 1; Nitrogen (After blade): 0,"# Recommendation for Next Experiment to Maximize Modulus

Based on the provided experimental data, I can identify several trends that suggest how to maximize the elastic modulus:

1. **Concentration**: There's a clear positive correlation between polymer concentration and modulus:
   - 12% concentration → ~42 bar modulus
   - 14% concentration → ~88 bar modulus
   - 16% concentration → ~163 bar modulus

2. **Relative Humidity**: Higher humidity (80%) combined with nitrogen flow from the side produced a high modulus (141.45 bar) even at lower concentration (12%).

3. **Rest Time**: The experiment with 0 days rest time showed lower modulus compared to 1 day rest time at similar conditions.

## Recommended Next Experiment:

I recommend the following parameters for the next experiment:

- **Index**: Next available number
- **Auto**: True
- **Heating**: False
- **Concentration**: 18.0% (increasing from the highest tested value of 16%)
- **Heating Block Temperature**: 25
- **Mixed**: True
- **Rest Time (days)**: 1
- **Coupon-to-Bath Wait Time (min)**: 0.0
- **Relative Humidity**: 80
- **Nitrogen (Side from drop)**: 1
- **Nitrogen (After blade)**: 0

## Rationale:
This experiment combines the highest polymer concentration (which showed a strong positive correlation with modulus) with the high humidity and nitrogen flow conditions that also produced good results. The 1-day rest time is maintained as it appears to be beneficial compared to 0 days. This combination of parameters should maximize the elastic modulus based on the observed trends in the data.",147.00005295683096,296.35081017123304,Continuing,"# Experimental Report: Automated Membrane Synthesis via NIPS

## Methodology
Polysulfone membranes were synthesized using non-solvent-induced phase separation (NIPS) with an automated robotic system (experiment index #28). A 12.0% w/w polysulfone solution was prepared in PolarClean solvent at room temperature (25??C) without additional heating. The solution was automatically mixed by the robotic system and allowed to rest for 1 day in a sample vial before processing.

## Casting Procedure
The polymer solution was drop-cast onto a substrate coupon with dry nitrogen flow applied from the side to minimize humidity effects. The solution was then blade-cast using the automated system. Immediately after blade casting (0.0 min wait time), the cast film was immersed in the NIPS bath to initiate phase separation. No nitrogen flow was applied after blade casting. The ambient relative humidity during synthesis was 54%.

## Notes
This experiment utilized full automation for solution preparation and casting, with specific humidity control measures (side nitrogen flow) to ensure reproducible membrane formation under controlled conditions.",0.47212428
6,41,Index: 30; Auto: True; Heating: False; Concentration: 16.0; Heating Block Temperature: 25; Mixed: True; Rest Time (days): 1; Coupon-to-Bath Wait Time (min): 0.0; Relative Humidity: 54; Nitrogen (Side from drop): 1; Nitrogen (After blade): 0,"# Recommendation for Next Experiment to Maximize Modulus

Based on the provided experimental data, I can identify several trends that influence the elastic modulus:

1. **Concentration**: Increasing polymer concentration from 12% to 16% significantly increased modulus (42.74 → 88.48 → 162.78 bar)

2. **Relative Humidity**: Higher humidity appears beneficial (experiment #25 with 80% RH yielded 141.45 bar)

3. **Nitrogen (Side from drop)**: Using nitrogen flow from the side appears to improve modulus (experiment #28 with 54% RH yielded 147.0 bar)

4. **Rest Time**: 1 day rest time generally produced better results than 0 days

## Recommended Next Experiment Parameters:

- **Index**: Next available number
- **Auto**: True
- **Heating**: False
- **Concentration**: 18.0% (increasing from the best result at 16%)
- **Heating Block Temperature**: 25
- **Mixed**: True
- **Rest Time (days)**: 1
- **Coupon-to-Bath Wait Time (min)**: 0.0
- **Relative Humidity**: 80
- **Nitrogen (Side from drop)**: 1
- **Nitrogen (After blade)**: 0

This experiment combines the highest polymer concentration (which showed a strong positive correlation with modulus) with high relative humidity and nitrogen flow from the side, which both appeared beneficial in previous experiments.",220.5104016857166,296.35081017123304,Continuing,"# Experimental Report: Automated Membrane Synthesis via NIPS

## Experiment #30

A polysulfone membrane was synthesized using an automated non-solvent-induced phase separation (NIPS) process. The polymer solution (16.0% polysulfone in PolarClean solvent) was prepared using the robotic mixing system at room temperature (25??C) without additional heating. After preparation, the solution was rested for 1 day in a sample vial before processing.

During the casting procedure, the polymer solution was automatically drop-cast onto the substrate coupon with dry nitrogen flow applied from the side to minimize humidity effects. The solution was then blade-cast under ambient conditions (54% relative humidity). Immediately after blade casting (0.0 min wait time), the cast film was immersed in the NIPS bath to initiate phase separation. No nitrogen flow was applied after the blade casting step.

This experiment represents one condition in a systematic investigation of processing parameters for automated membrane fabrication.",0.42362547
7,58,Index: 54; Auto: True; Heating: False; Concentration: 17.0; Heating Block Temperature: 25; Mixed: False; Rest Time (days): 0; Coupon-to-Bath Wait Time (min): 10.0; Relative Humidity: 68; Nitrogen (Side from drop): 0; Nitrogen (After blade): 1,"# Recommendation for Next Experiment to Maximize Modulus

Based on the provided experimental data, I can identify several trends that influence the elastic modulus:

1. **Concentration**: Higher polymer concentration (16%) consistently yields higher modulus values compared to lower concentrations (12%, 14%)
2. **Relative Humidity**: Higher humidity appears beneficial (experiments with RH 54-80% show better results)
3. **Nitrogen (Side from drop)**: Using nitrogen flow from the side (value=1) generally improves modulus
4. **Rest Time**: 1 day rest time appears more effective than 0 days

The highest modulus achieved so far is 220.51 bar (Experiment #30) with the following parameters:
- Concentration: 16.0%
- Relative Humidity: 54%
- Nitrogen (Side from drop): 1
- Rest Time: 1 day

## Next Experiment Recommendation:

I recommend the following parameters for the next experiment:

- Auto: True
- Heating: False
- Concentration: 18.0% (increasing from the best result of 16%)
- Heating Block Temperature: 25
- Mixed: True
- Rest Time (days): 1
- Coupon-to-Bath Wait Time (min): 0.0
- Relative Humidity: 70% (optimizing between the successful values of 54% and 80%)
- Nitrogen (Side from drop): 1
- Nitrogen (After blade): 0

This combination builds upon the most successful experiment (#30) by further increasing the polymer concentration to 18% (within the typical 10-20% range) and optimizing the relative humidity to 70%, which falls between values that have shown good results. The other parameters are maintained at their optimal observed values.",211.5086541241532,296.35081017123304,Continuing,"# Experimental Report: Automated Membrane Synthesis via NIPS

## Experiment Parameters (Index: 54)

A polysulfone membrane was synthesized using non-solvent-induced phase separation (NIPS) with the following conditions:

- **Synthesis Method**: Automated robotic system
- **Polymer Solution**: 17.0% polysulfone in PolarClean solvent
- **Solution Preparation**: Premixed manually without heating (ambient temperature 25??C)
- **Solution Rest Time**: Used immediately after preparation (0 days)
- **Casting Conditions**:
  - 10.0 minute wait time between coupon casting and NIPS bath immersion
  - 68% relative humidity during synthesis
  - No nitrogen flow during drop-casting
  - Laminar dry nitrogen flow applied after blade-casting until bath immersion

The experiment utilized automated blade-casting with controlled environmental parameters to investigate the effects of nitrogen flow post-casting on membrane morphology and performance.",0.25200692
8,35,Index: 29; Auto: True; Heating: False; Concentration: 14.0; Heating Block Temperature: 25; Mixed: True; Rest Time (days): 1; Coupon-to-Bath Wait Time (min): 0.0; Relative Humidity: 54; Nitrogen (Side from drop): 1; Nitrogen (After blade): 0,"# Recommendation for Next Experiment to Maximize Modulus

Based on the provided experimental data, I can identify several trends that influence the elastic modulus:

1. **Concentration**: Higher polymer concentration (16-17%) consistently yields higher modulus values
2. **Relative Humidity**: Higher humidity (54-80%) appears beneficial
3. **Nitrogen flow**: Using nitrogen (either side from drop or after blade) shows positive effects
4. **Rest Time**: The data suggests 1 day rest time may be better than 0 days
5. **Coupon-to-Bath Wait Time**: Longer wait time (10 min) appears in one of the highest modulus experiments

The highest modulus value (220.51 bar) was achieved with experiment #30, which used:
- 16% concentration
- 54% relative humidity
- Nitrogen from side during drop
- 1 day rest time

## Recommended Next Experiment Parameters:

- **Index**: Next available number
- **Auto**: True
- **Heating**: False
- **Concentration**: 18.0 (pushing slightly higher than previous best)
- **Heating Block Temperature**: 25
- **Mixed**: True
- **Rest Time (days)**: 1
- **Coupon-to-Bath Wait Time (min)**: 5.0
- **Relative Humidity**: 65
- **Nitrogen (Side from drop)**: 1
- **Nitrogen (After blade)**: 1

This experiment combines the highest concentration within reasonable range, optimal rest time, moderate wait time, elevated humidity, and both nitrogen flow options to potentially maximize the elastic modulus beyond what has been observed so far.",207.09310351510177,296.35081017123304,Continuing,"# Experimental Report: Automated Membrane Synthesis via NIPS

## Experiment Details
- **Experiment ID**: 29
- **Synthesis Method**: Automated NIPS (Non-solvent-Induced Phase Separation)

## Materials
- **Polymer**: Polysulfone (14.0% concentration)
- **Solvent**: PolarClean

## Procedure
1. The polymer solution was automatically mixed by the robotic system at room temperature (25??C without additional heating).
2. The mixed solution was allowed to rest in a sample vial for 1 day.
3. The solution was automatically drop-cast onto the substrate coupon.
4. Dry nitrogen was applied from the side during the drop-casting process to minimize humidity effects.
5. The solution was blade-cast without nitrogen flow after blading.
6. The cast film was immediately transferred to the NIPS bath (0.0 min wait time).
7. The entire process was conducted at 54% relative humidity.

This experiment utilized the automated robotic system for precise control over the membrane synthesis parameters, with specific attention to humidity control during the initial casting phase.",0.39459804
9,42,Index: 4; Auto: True; Heating: False; Concentration: 17.0; Heating Block Temperature: 25; Mixed: False; Rest Time (days): 4; Coupon-to-Bath Wait Time (min): 0.0; Relative Humidity: 64; Nitrogen (Side from drop): 0; Nitrogen (After blade): 0,"# Recommendation for Next Experiment to Maximize Modulus

Based on the provided experimental data, I can identify several trends that influence the elastic modulus:

1. **Concentration**: Higher polymer concentration consistently leads to higher modulus values (12% → 42.74 bar, 14% → 88.48 bar, 16% → 162.78 bar, 17% → 211.51 bar)

2. **Nitrogen (Side from drop)**: Appears to significantly increase modulus when enabled (comparing similar conditions)

3. **Relative Humidity**: Higher humidity generally correlates with higher modulus values

4. **Coupon-to-Bath Wait Time**: Longer wait time (10 min) combined with high concentration yielded excellent results

5. **Rest Time**: The data suggests 1 day rest time may be preferable to 0 days for higher modulus

## Recommended Next Experiment Parameters:

- **Index**: Next available number
- **Auto**: True
- **Heating**: False
- **Concentration**: 18.0 (increasing from highest tested value of 17.0)
- **Heating Block Temperature**: 25
- **Mixed**: False (performed well in experiment #54)
- **Rest Time (days)**: 1 (generally better than 0 days)
- **Coupon-to-Bath Wait Time (min)**: 10.0 (performed well in experiment #54)
- **Relative Humidity**: 75 (targeting high humidity which showed good results)
- **Nitrogen (Side from drop)**: 1 (consistently improved modulus)
- **Nitrogen (After blade)**: 1 (performed well in experiment #54)

This parameter combination leverages the highest performing aspects from previous experiments, particularly focusing on maximizing concentration while maintaining the other conditions that have shown positive effects on modulus.",179.2410423946837,296.35081017123304,Continuing,"# Experimental Report: Automated Membrane Synthesis via NIPS

## Experiment Details
- **Experiment ID**: Index 4
- **Synthesis Method**: Automated NIPS (Non-solvent-Induced Phase Separation)
- **Polymer**: Polysulfone at 17.0% concentration
- **Solvent**: PolarClean

## Procedure
A premixed polysulfone solution (17.0% concentration in PolarClean) was used after a 4-day rest period in a sample vial. The solution was processed at ambient temperature (25??C) without heating during the mixing phase. The robotic system performed automated blade casting of the polymer solution onto the substrate coupon. Immediately following blade casting (0.0 min wait time), the sample was immersed in the NIPS bath. The experiment was conducted at 64% relative humidity without nitrogen flow protection either during drop casting or after blade casting.

## Conditions
- Automated process: Yes
- Ambient conditions: 25??C, 64% RH
- No nitrogen protection employed
- No heating during solution preparation
- Immediate immersion in coagulation bath after casting

This experiment represents standard automated NIPS membrane fabrication without environmental controls or extended evaporation time.",0.094820276
10,59,Index: 55; Auto: True; Heating: False; Concentration: 17.0; Heating Block Temperature: 25; Mixed: False; Rest Time (days): 0; Coupon-to-Bath Wait Time (min): 10.0; Relative Humidity: 68; Nitrogen (Side from drop): 0; Nitrogen (After blade): 1,"# Recommendation for Next Experiment to Maximize Modulus

Based on the provided experimental data, I can identify several trends that influence the elastic modulus:

1. **Concentration**: Higher polymer concentrations (16-17%) consistently yield higher modulus values
2. **Nitrogen (Side from drop)**: When set to 1, it generally increases modulus
3. **Relative Humidity**: Higher values (54-80%) appear beneficial
4. **Coupon-to-Bath Wait Time**: Longer wait times (10 min) show promising results

The highest modulus value (220.51 bar) was achieved with experiment #54, which had:
- High concentration (17%)
- No heating
- Not mixed by robot (Mixed: False)
- No rest time
- 10-minute coupon-to-bath wait time
- High relative humidity (68%)
- Nitrogen after blade (not from side)

## Recommended Next Experiment:

```
Index: [next available]
Auto: True
Heating: False
Concentration: 18.0
Heating Block Temperature: 25
Mixed: False
Rest Time (days): 0
Coupon-to-Bath Wait Time (min): 10.0
Relative Humidity: 75
Nitrogen (Side from drop): 1
Nitrogen (After blade): 1
```

This recommendation:
- Increases concentration to 18% (pushing toward the upper range)
- Maintains the successful parameters from experiment #54
- Increases relative humidity slightly
- Adds nitrogen from side while keeping nitrogen after blade
- Keeps zero rest time which appears beneficial
- Maintains the longer coupon-to-bath wait time

This combination should maximize the elastic modulus based on the observed trends in your data.",219.61643412334288,296.35081017123304,Continuing,"# Experimental Report: Automated Membrane Synthesis via NIPS

## Experiment Details
- **Experiment ID:** 55
- **Synthesis Method:** Automated NIPS (Non-solvent-Induced Phase Separation)
- **Polymer:** Polysulfone at 17.0% concentration
- **Solvent:** PolarClean

## Procedure
1. A premixed polysulfone solution (17.0% concentration) was used without additional mixing by the robotic system.
2. The solution was processed at ambient temperature (25??C) without heating.
3. The polymer solution was used immediately after preparation (0 days rest time).
4. The solution was drop-cast onto the substrate and then blade-cast.
5. After blade casting, the sample was subjected to laminar dry nitrogen flow to control humidity.
6. The cast film was allowed to stand for 10.0 minutes before immersion in the NIPS bath.
7. The entire process was conducted under 68% relative humidity conditions.

## Notes
- The experiment utilized the automated robotic system for membrane fabrication.
- No nitrogen flow was applied during the side-drop casting phase, only after blade casting.
- The extended wait time (10 minutes) before bath immersion was likely intended to allow partial solvent evaporation to influence the final membrane morphology.",0.52232456
11,57,Index: 53; Auto: True; Heating: False; Concentration: 17.0; Heating Block Temperature: 25; Mixed: False; Rest Time (days): 0; Coupon-to-Bath Wait Time (min): 10.0; Relative Humidity: 68; Nitrogen (Side from drop): 0; Nitrogen (After blade): 0,"# Recommendation for Next Experiment to Maximize Modulus

Based on the provided experimental data, I can identify several trends that influence the elastic modulus:

1. **Concentration**: Higher polymer concentrations (16-17%) consistently yield higher modulus values
2. **Nitrogen (Side from drop)**: When set to 1, it generally improves modulus
3. **Relative Humidity**: Higher values (54-80%) appear beneficial
4. **Coupon-to-Bath Wait Time**: Longer wait times (10 min) show promising results
5. **Mixed**: Some of the highest modulus values came from non-mixed solutions (Mixed = False)

## Recommended Next Experiment Parameters:

- **Index**: Next sequential number
- **Auto**: True
- **Heating**: False
- **Concentration**: 18.0 (increasing from the best performing 17.0)
- **Heating Block Temperature**: 25
- **Mixed**: False
- **Rest Time (days)**: 1
- **Coupon-to-Bath Wait Time (min)**: 10.0
- **Relative Humidity**: 70
- **Nitrogen (Side from drop)**: 1
- **Nitrogen (After blade)**: 1

This recommendation combines the highest performing parameters from previous experiments while slightly increasing concentration to explore if further improvements are possible. The combination of high concentration, nitrogen flow from both positions, extended wait time, and controlled humidity should maximize the elastic modulus based on observed trends.",296.35081017123304,296.35081017123304,Max modulus reached,"# Experimental Report: Automated Membrane Synthesis via NIPS

## Experiment Details
- **Experiment ID:** 53
- **Synthesis Method:** Automated non-solvent-induced phase separation (NIPS)
- **Polymer:** Polysulfone at 17.0% concentration
- **Solvent:** PolarClean

## Procedure
The polymer solution was premixed manually without heating (ambient temperature of 25??C). The solution was used immediately after preparation with no rest period. Using the robotic system, the solution was drop-cast onto the substrate and then blade-cast. Following blade casting, the sample was allowed to stand for 10 minutes before immersion in the NIPS bath. The experiment was conducted at 68% relative humidity with no nitrogen flow applied either during drop-casting or after blade-casting.

## Notes
This experiment tested membrane formation under relatively high humidity conditions without any humidity control measures (no nitrogen flow), using a moderate wait time before bath immersion.",0.26262593
