Iteration,Experiment Index,Experiment Parameters,Suggested Parameters,Observed Elastic Modulus,Max Modulus in Dataset,Stopping Reason,Experiment Parameters (original),Rerank_Score_v35
0,14,Initial Selection,,39.58562154046682,296.35081017123304,Initial selection,Initial Selection,0.040347535
1,41,"# Experimental Report: Automated Membrane Synthesis via NIPS

## Experiment #30

A polysulfone membrane was synthesized using an automated non-solvent-induced phase separation (NIPS) process. The polymer solution (16.0% polysulfone in PolarClean solvent) was prepared using the robotic mixing system at room temperature (25??C) without additional heating. After preparation, the solution was rested for 1 day in a sample vial before processing.

During the casting procedure, the polymer solution was automatically drop-cast onto the substrate coupon with dry nitrogen flow applied from the side to minimize humidity effects. The solution was then blade-cast under ambient conditions (54% relative humidity). Immediately after blade casting (0.0 min wait time), the cast film was immersed in the NIPS bath to initiate phase separation. No nitrogen flow was applied after the blade casting step.

This experiment represents one condition in a systematic investigation of processing parameters for automated membrane fabrication.","# Recommendation for Next Experiment to Maximize Modulus

Based on the single data point provided (Experiment ID 12), I'll recommend parameters that are likely to increase the elastic modulus for your next experiment.

## Recommended Parameters for Next Experiment:
- **Synthesis Method**: Automated (Yes)
- **Polymer Concentration**: 15% polysulfone (increased from 10%)
- **Heating**: Yes (apply heating during mixing)
- **Heating Block Temperature**: 60°C
- **Mixed**: Yes (robot-mixed)
- **Rest Time**: 1 day (reduced from 2 days)
- **Coupon-to-Bath Wait Time**: 2 minutes (increased from 0 minutes)
- **Relative Humidity**: 40% (decreased from 56%)
- **Nitrogen (Side from drop)**: Yes
- **Nitrogen (After blade)**: Yes

## Rationale:
1. **Higher polymer concentration** (15% vs 10%) typically leads to denser membrane structures with higher mechanical strength
2. **Heating during mixing** can improve polymer dissolution and solution homogeneity
3. **Shorter rest time** (1 day vs 2 days) may prevent potential polymer aggregation
4. **Adding a short wait time** before immersion allows partial solvent evaporation, creating a denser skin layer
5. **Lower humidity** can control the initial phase separation rate
6. **Adding nitrogen flow** during and after casting helps control the initial phase separation and creates more uniform structures

This recommendation aims to create a denser, more mechanically robust membrane structure while maintaining good control over the phase separation process.",220.5104016857166,296.35081017123304,Continuing,Index: 30; Auto: True; Heating: False; Concentration: 16.0; Heating Block Temperature: 25; Mixed: True; Rest Time (days): 1; Coupon-to-Bath Wait Time (min): 0.0; Relative Humidity: 54; Nitrogen (Side from drop): 1; Nitrogen (After blade): 0,0.6356076
2,35,"# Experimental Report: Automated Membrane Synthesis via NIPS

## Experiment Details
- **Experiment ID**: 29
- **Synthesis Method**: Automated NIPS (Non-solvent-Induced Phase Separation)

## Materials
- **Polymer**: Polysulfone (14.0% concentration)
- **Solvent**: PolarClean

## Procedure
1. The polymer solution was automatically mixed by the robotic system at room temperature (25??C without additional heating).
2. The mixed solution was allowed to rest in a sample vial for 1 day.
3. The solution was automatically drop-cast onto the substrate coupon.
4. Dry nitrogen was applied from the side during the drop-casting process to minimize humidity effects.
5. The solution was blade-cast without nitrogen flow after blading.
6. The cast film was immediately transferred to the NIPS bath (0.0 min wait time).
7. The entire process was conducted at 54% relative humidity.

This experiment utilized the automated robotic system for precise control over the membrane synthesis parameters, with specific attention to humidity control during the initial casting phase.","# Recommendation for Next Experiment to Maximize Modulus

Based on the two experimental observations provided, I can see that Experiment #30 achieved a significantly higher modulus (220.51) compared to Experiment #12 (39.59). The key differences that likely contributed to this improvement include:

## Recommended Parameters for Next Experiment:

1. **Concentration**: 18.0% polysulfone (increasing from 16.0% in Exp #30)
   - Higher polymer concentration appears to correlate with higher modulus

2. **Auto**: Yes (maintain automated synthesis)

3. **Heating**: Yes (introduce heating during mixing)
   - Recommend heating block temperature of 40°C to improve polymer dissolution

4. **Mixed**: Yes (maintain robotic mixing)

5. **Rest time**: 1 day (maintain the same as Exp #30)
   - The shorter rest time of 1 day in Exp #30 vs 2 days in Exp #12 may be beneficial

6. **Coupon-to-Bath Wait Time**: 0.0 min (maintain immediate immersion)

7. **Relative Humidity**: 50% (slightly lower than previous experiments)
   - Control humidity more precisely for better reproducibility

8. **Nitrogen (Side from drop)**: Yes (maintain as in Exp #30)
   - This appears to be beneficial for modulus

9. **Nitrogen (After blade)**: Yes (introduce this parameter)
   - Adding nitrogen flow after blade casting may further improve membrane structure

This parameter set builds on the successful conditions from Experiment #30 while introducing controlled heating and post-blade nitrogen flow to potentially further enhance the modulus.",207.09310351510177,296.35081017123304,Continuing,Index: 29; Auto: True; Heating: False; Concentration: 14.0; Heating Block Temperature: 25; Mixed: True; Rest Time (days): 1; Coupon-to-Bath Wait Time (min): 0.0; Relative Humidity: 54; Nitrogen (Side from drop): 1; Nitrogen (After blade): 0,0.511644
3,18,"# Experimental Report: Automated Membrane Synthesis via NIPS

## Methodology
Polysulfone membranes were synthesized using non-solvent-induced phase separation (NIPS) with an automated robotic system. The polymer solution (10% w/w polysulfone in PolarClean solvent) was prepared at room temperature (25??C) without additional heating. The solution was automatically mixed by the robotic system and allowed to rest for 1 day in a sample vial before processing.

## Procedure
1. The polymer solution was drop-cast onto the substrate coupon
2. Dry nitrogen was applied from the side during the drop-casting process to minimize humidity effects
3. The solution was blade-cast to form a uniform film
4. The cast film was immediately immersed in the NIPS bath (0 minute wait time)
5. No nitrogen flow was applied after blade-casting

## Conditions
- Experiment ID: 27
- Ambient relative humidity: 54%
- Process: Fully automated
- Temperature: Room temperature (25??C)

This experiment represents part of a systematic investigation into controlling membrane morphology through precise manipulation of processing parameters in an automated NIPS system.","# Recommendation for Next Experiment to Maximize Modulus

Based on the three experiments reported, I can identify patterns that appear to influence the elastic modulus:

## Key Observations
- Higher polymer concentration correlates with higher modulus (Exp #12: 10% → 39.59 MPa vs Exp #29: 14% → 207.09 MPa vs Exp #30: 16% → 220.51 MPa)
- Nitrogen flow from the side during drop-casting appears beneficial (present in both high-modulus experiments)
- Relative humidity was similar (~54-56%) across experiments
- All experiments used immediate immersion (0.0 min wait time)

## Recommended Next Experiment

I recommend the following parameters to maximize modulus:

- **Polymer Concentration**: 18% (increasing from the previous maximum of 16%)
- **Synthesis Method**: Automated
- **Heating**: No (consistent with previous successful experiments)
- **Mixing**: Automated robotic mixing
- **Rest time**: 1 day (consistent with high-modulus experiments)
- **Coupon-to-Bath Wait Time**: 0.0 minutes (immediate immersion)
- **Relative Humidity**: 50% (slightly lower than previous experiments)
- **Nitrogen (Side from drop)**: Yes (present in high-modulus experiments)
- **Nitrogen (After blade)**: Yes (testing if additional nitrogen flow further improves properties)

This experiment pushes the polymer concentration higher while maintaining the successful processing conditions from previous high-modulus experiments, with the addition of nitrogen flow after blade casting to potentially further improve the membrane structure.",74.82276309333224,296.35081017123304,Continuing,Index: 27; Auto: True; Heating: False; Concentration: 10.0; Heating Block Temperature: 25; Mixed: True; Rest Time (days): 1; Coupon-to-Bath Wait Time (min): 0.0; Relative Humidity: 54; Nitrogen (Side from drop): 1; Nitrogen (After blade): 0,0.61168414
4,28,"# Experimental Report: Automated Membrane Synthesis via NIPS

## Methodology
Polysulfone membranes were synthesized using non-solvent-induced phase separation (NIPS) with an automated robotic system (experiment index #28). A 12.0% w/w polysulfone solution was prepared in PolarClean solvent at room temperature (25??C) without additional heating. The solution was automatically mixed by the robotic system and allowed to rest for 1 day in a sample vial before processing.

## Casting Procedure
The polymer solution was drop-cast onto a substrate coupon with dry nitrogen flow applied from the side to minimize humidity effects. The solution was then blade-cast using the automated system. Immediately after blade casting (0.0 min wait time), the cast film was immersed in the NIPS bath to initiate phase separation. No nitrogen flow was applied after blade casting. The ambient relative humidity during synthesis was 54%.

## Notes
This experiment utilized full automation for solution preparation and casting, with specific humidity control measures (side nitrogen flow) to ensure reproducible membrane formation under controlled conditions.","# Recommendation for Next Experiment to Maximize Modulus

Based on the three prior experiments, I can identify patterns that suggest which parameters most strongly influence the elastic modulus:

## Key Observations:
- Experiment #30 had the highest modulus (220.51 MPa) with 16% polymer concentration
- Experiment #29 had the second highest modulus (207.09 MPa) with 14% polymer concentration
- Both high-performing experiments used nitrogen flow from the side during drop casting
- Both high-performing experiments had 54% relative humidity
- Lower polymer concentration (10%) in experiments #12 and #27 resulted in much lower modulus values

## Recommended Next Experiment:

- **Polymer Concentration**: 18% (increasing from the best result of 16%)
- **Synthesis Method**: Automated (Yes)
- **Heating**: No (room temperature 25°C)
- **Mixed**: Yes (automatically mixed by robotic system)
- **Rest time**: 1 day (consistent with high-performing experiments)
- **Coupon-to-Bath Wait Time**: 0.0 minutes (immediate immersion)
- **Relative Humidity**: 54% (consistent with high-performing experiments)
- **Nitrogen (Side from drop)**: Yes (used in both high-performing experiments)
- **Nitrogen (After blade)**: No (consistent with high-performing experiments)

This experiment builds on the successful conditions from experiments #29 and #30 while increasing the polymer concentration, which appears to be the most significant factor positively affecting modulus based on the available data.",147.00005295683096,296.35081017123304,Continuing,Index: 28; Auto: True; Heating: False; Concentration: 12.0; Heating Block Temperature: 25; Mixed: True; Rest Time (days): 1; Coupon-to-Bath Wait Time (min): 0.0; Relative Humidity: 54; Nitrogen (Side from drop): 1; Nitrogen (After blade): 0,0.52758485
5,40,"# Experimental Report: Automated Membrane Synthesis via NIPS

## Experiment Parameters
- **Experiment ID**: 23
- **Synthesis Method**: Automated NIPS (Non-solvent-Induced Phase Separation)
- **Polymer**: Polysulfone at 16.0% concentration
- **Solvent**: PolarClean

## Procedure
1. The polymer solution was automatically mixed by the robotic system at room temperature (25??C) without heating.
2. The mixed solution was allowed to rest in a sample vial for 1 day.
3. The solution was automatically drop-cast onto the substrate and then blade-cast.
4. The cast film was immediately immersed in the NIPS bath (0.0 minutes wait time).
5. The entire process was conducted at 49% relative humidity.
6. No nitrogen flow was applied either during the side-drop process or after blade casting.

This experiment represents one condition in a systematic study of membrane formation parameters using an automated robotic synthesis platform.","# Recommendation for Next Experiment to Maximize Modulus

Based on the prior observations, I'll analyze the data to recommend parameters that are likely to maximize the elastic modulus.

## Analysis of Previous Results:
- Experiment #30 (16.0% concentration) had the highest modulus at 220.51 MPa
- Experiment #29 (14.0% concentration) had the second highest at 207.09 MPa
- Experiment #28 (12.0% concentration) had 147.0 MPa
- Experiment #27 (10.0% concentration) had 74.82 MPa
- Experiment #12 (10.0% concentration) had the lowest at 39.59 MPa

## Key Trends:
1. **Polymer Concentration**: There's a clear positive correlation between concentration and modulus (10% → 39-74 MPa, 12% → 147 MPa, 14% → 207 MPa, 16% → 220 MPa)
2. **Nitrogen Flow**: Experiments with nitrogen flow from the side during drop-casting (#27-30) performed better than without (#12)
3. **Humidity**: All successful experiments were conducted at ~54% relative humidity

## Recommended Next Experiment:
- **Index**: Next available number
- **Auto**: Yes (automated synthesis)
- **Heating**: No (room temperature 25°C)
- **Concentration**: 18.0% (increasing from previous best of 16%)
- **Heating block temperature**: 25°C (ambient)
- **Mixed**: Yes (robot-mixed)
- **Rest time**: 1 day (consistent with best performing experiments)
- **Coupon-to-Bath Wait Time**: 0.0 min (immediate immersion)
- **Relative Humidity**: 54% (consistent with best performing experiments)
- **Nitrogen (Side from drop)**: Yes (used in all high-modulus experiments)
- **Nitrogen (After blade)**: No (consistent with previous experiments)

This recommendation builds on the observed trend that higher polymer concentration correlates with higher modulus, while maintaining the other parameters that were associated with the best results.",162.77817832797786,296.35081017123304,Continuing,Index: 23; Auto: True; Heating: False; Concentration: 16.0; Heating Block Temperature: 25; Mixed: True; Rest Time (days): 1; Coupon-to-Bath Wait Time (min): 0.0; Relative Humidity: 49; Nitrogen (Side from drop): 0; Nitrogen (After blade): 0,0.57006866
6,34,"# Experimental Report: Automated Membrane Synthesis via NIPS

## Experiment Details
- **Experiment ID**: 22
- **Synthesis Method**: Automated NIPS (Non-solvent-Induced Phase Separation)

## Materials
- **Polymer**: Polysulfone (14.0% concentration)
- **Solvent**: PolarClean

## Procedure
1. The polymer solution was automatically mixed by the robotic system at room temperature (25??C) without heating.
2. The mixed solution was allowed to rest in a sample vial for 1 day.
3. The solution was automatically drop-cast onto the substrate and then blade-cast.
4. The cast film was immediately immersed in the NIPS bath (0.0 min wait time).
5. No nitrogen flow was applied either from the side after drop-casting or after blade-casting.
6. The ambient relative humidity during synthesis was 49%.

This experiment was part of a systematic investigation of processing parameters for membrane synthesis using an automated robotic platform.","# Recommendation for Next Experiment to Maximize Modulus

Based on the previous experimental data, I can identify several trends that correlate with higher elastic modulus values:

1. **Polymer Concentration**: Higher concentrations (14-16%) consistently yield higher modulus values compared to lower concentrations (10%)
2. **Nitrogen Flow**: Experiments with nitrogen flow from the side during drop-casting show improved modulus
3. **Relative Humidity**: Experiments conducted around 54% humidity show good results

## Recommended Next Experiment Parameters:

- **Synthesis Method**: Automated (Yes)
- **Heating**: No (room temperature 25°C)
- **Concentration**: 18.0% (increasing from the previous maximum of 16% to explore upper range)
- **Heating block temperature**: 25°C (ambient)
- **Mixed**: Yes (automatically mixed by robotic system)
- **Rest time**: 1 day (consistent with high-performing experiments)
- **Coupon-to-Bath Wait Time**: 0.0 minutes (immediate immersion)
- **Relative Humidity**: 54% (optimal based on previous results)
- **Nitrogen (Side from drop)**: Yes (beneficial in previous high-modulus experiments)
- **Nitrogen (After blade)**: No (not necessary based on previous results)

This experiment pushes the polymer concentration higher while maintaining the other parameters that have been associated with higher modulus values in previous experiments. The 18% concentration explores whether the trend of increasing modulus with increasing concentration continues beyond 16%.",88.47667256854467,296.35081017123304,Continuing,Index: 22; Auto: True; Heating: False; Concentration: 14.0; Heating Block Temperature: 25; Mixed: True; Rest Time (days): 1; Coupon-to-Bath Wait Time (min): 0.0; Relative Humidity: 49; Nitrogen (Side from drop): 0; Nitrogen (After blade): 0,0.5760895
7,54,"# Experimental Report: Automated Membrane Synthesis via NIPS

## Experiment Details
- **Experiment ID:** 50
- **Synthesis Method:** Automated NIPS (Non-solvent-Induced Phase Separation)
- **Polymer:** Polysulfone (17.0% concentration)
- **Solvent:** PolarClean

## Procedure
A premixed polysulfone solution (17.0% concentration in PolarClean) was used without additional heating or robotic mixing. The solution was used immediately after preparation (0 days rest time). The robotic system drop-cast the polymer solution onto the substrate, followed by blade casting. After blade casting, the sample was subjected to laminar dry nitrogen flow to control humidity exposure. The coupon was then immersed in the NIPS bath after a brief wait time of 0.17 minutes.

## Environmental Conditions
- **Ambient Relative Humidity:** 70%
- **Heating Block Temperature:** 25??C (ambient, no active heating)

## Notes
The experiment utilized nitrogen flow only after blade casting, not during the initial drop-casting phase. The automated process maintained precise control over the short coupon-to-bath wait time (10.2 seconds).","# Recommendation for Next Experiment to Maximize Modulus

Based on the prior experimental data, I can identify several trends that correlate with higher elastic modulus values:

1. **Higher polymer concentration** appears to significantly increase modulus (Exp #30 with 16% concentration had 220.51 MPa)
2. **Nitrogen flow from the side during drop-casting** is present in all high-modulus experiments
3. **Relative humidity around 54%** seems optimal (present in experiments with highest modulus values)
4. **1 day rest time** is consistent across the highest-performing experiments
5. **No heating** during solution preparation is common across all experiments

## Recommended Next Experiment Parameters:

- **Auto**: Yes (automated synthesis)
- **Heating**: No (room temperature 25°C)
- **Concentration**: 18% (increasing from the previous maximum of 16%)
- **Heating block temperature**: 25°C (ambient)
- **Mixed**: Yes (robot-mixed)
- **Rest time**: 1 day
- **Coupon-to-Bath Wait Time**: 0.0 minutes
- **Relative Humidity**: 54%
- **Nitrogen (Side from drop)**: Yes
- **Nitrogen (After blade)**: No

This recommendation pushes the polymer concentration higher (to 18%) while maintaining the other parameters that were associated with the highest modulus values in previous experiments. The combination of high polymer concentration, controlled humidity, and side nitrogen flow during drop-casting appears to create optimal conditions for maximizing membrane modulus.",197.8404462303588,296.35081017123304,Continuing,Index: 50; Auto: True; Heating: False; Concentration: 17.0; Heating Block Temperature: 25; Mixed: False; Rest Time (days): 0; Coupon-to-Bath Wait Time (min): 0.17; Relative Humidity: 70; Nitrogen (Side from drop): 0; Nitrogen (After blade): 1,0.60805947
8,55,"# Experimental Report: Automated Membrane Synthesis via NIPS

## Experiment Details
- **Experiment ID:** 51
- **Synthesis Method:** Automated NIPS (Non-solvent-Induced Phase Separation)
- **Polymer:** Polysulfone at 17.0% concentration
- **Solvent:** PolarClean

## Procedure
The polymer solution was premixed manually without heating (ambient temperature of 25??C). The solution was used immediately after preparation with no rest period. Using the robotic system, the solution was drop-cast onto the substrate and then blade-cast. After blade casting, the sample was subjected to laminar dry nitrogen flow to control humidity exposure. The coupon was allowed to wait for 1.0 minute post-blade casting before immersion in the NIPS bath.

## Environmental Conditions
- **Relative Humidity:** 70%
- **Temperature:** 25??C (heating block temperature)

## Notes
The experiment was conducted using full automation with the robotic system. No nitrogen was applied during the side drop-casting phase, but nitrogen was applied after blade casting until bath immersion to control the humidity exposure of the nascent membrane.","# Recommendation for Next Experiment to Maximize Modulus

Based on the prior experimental data, I recommend the following parameters for the next experiment to maximize the elastic modulus:

## Recommended Experiment Parameters
- **Auto**: Yes (automated synthesis)
- **Heating**: No (room temperature processing)
- **Concentration**: 18.0% polysulfone
- **Heating block temperature**: 25°C
- **Mixed**: No (use premixed solution)
- **Rest time**: 0 days
- **Coupon-to-Bath Wait Time**: 0.2 minutes (12 seconds)
- **Relative Humidity**: 70%
- **Nitrogen (Side from drop)**: Yes
- **Nitrogen (After blade)**: Yes

## Rationale
1. **Higher polymer concentration**: The data shows a strong correlation between higher polymer concentration and higher modulus (Exp #30 with 16% had 220.51 MPa, Exp #23 with 16% had 162.78 MPa, while Exp #12 with 10% had only 39.59 MPa).

2. **Premixed solution**: Experiment #50 with a premixed solution (not robot-mixed) showed excellent results (197.84 MPa).

3. **No rest time**: Experiment #50 with 0 days rest time performed very well, suggesting immediate use may be beneficial.

4. **Higher humidity**: The highest modulus values were observed at higher humidity levels (Exp #50 at 70% RH performed well).

5. **Nitrogen flow control**: Using nitrogen flow both during drop-casting and after blade-casting should provide optimal humidity control throughout the process.

6. **Short wait time**: A brief wait time (0.2 minutes) before immersion in the NIPS bath appears beneficial based on Experiment #50.

This parameter combination builds upon the successful conditions from the highest-performing experiments while pushing the polymer concentration slightly higher to potentially achieve even greater modulus values.",168.33383829683325,296.35081017123304,Continuing,Index: 51; Auto: True; Heating: False; Concentration: 17.0; Heating Block Temperature: 25; Mixed: False; Rest Time (days): 0; Coupon-to-Bath Wait Time (min): 1.0; Relative Humidity: 70; Nitrogen (Side from drop): 0; Nitrogen (After blade): 1,0.6636041
9,59,"# Experimental Report: Automated Membrane Synthesis via NIPS

## Experiment Details
- **Experiment ID:** 55
- **Synthesis Method:** Automated NIPS (Non-solvent-Induced Phase Separation)
- **Polymer:** Polysulfone at 17.0% concentration
- **Solvent:** PolarClean

## Procedure
1. A premixed polysulfone solution (17.0% concentration) was used without additional mixing by the robotic system.
2. The solution was processed at ambient temperature (25??C) without heating.
3. The polymer solution was used immediately after preparation (0 days rest time).
4. The solution was drop-cast onto the substrate and then blade-cast.
5. After blade casting, the sample was subjected to laminar dry nitrogen flow to control humidity.
6. The cast film was allowed to stand for 10.0 minutes before immersion in the NIPS bath.
7. The entire process was conducted under 68% relative humidity conditions.

## Notes
- The experiment utilized the automated robotic system for membrane fabrication.
- No nitrogen flow was applied during the side-drop casting phase, only after blade casting.
- The extended wait time (10 minutes) before bath immersion was likely intended to allow partial solvent evaporation to influence the final membrane morphology.","# Recommendation for Next Experiment to Maximize Modulus

Based on the prior observations, I recommend the following experimental parameters to maximize the elastic modulus:

## Recommended Experiment Parameters
- **Concentration**: 18.0% polysulfone (increasing from the highest tested value of 17.0%)
- **Heating**: No (all high-modulus experiments used no heating)
- **Mixed**: No (use premixed solution as in experiments #50 and #51)
- **Rest time**: 0 days (immediate use showed good results in experiments #50 and #51)
- **Coupon-to-Bath Wait Time**: 0.5 minutes (intermediate between the 0.17 min of #50 and 1.0 min of #51)
- **Relative Humidity**: 70% (highest value tested, which yielded good results)
- **Nitrogen (Side from drop)**: Yes (to control humidity during initial casting)
- **Nitrogen (After blade)**: Yes (to control humidity during the wait time)

## Rationale
1. Higher polymer concentrations (14-17%) consistently produced higher modulus values compared to lower concentrations (10-12%)
2. The highest modulus values were observed with premixed solutions used immediately (0 days rest)
3. Nitrogen flow control appears beneficial, especially at higher humidity levels
4. A moderate wait time between casting and bath immersion may help optimize phase separation
5. The highest humidity tested (70%) produced good results when combined with nitrogen flow control

This parameter set builds on the successful conditions from experiments #50 and #51 while pushing the concentration slightly higher to potentially achieve even greater modulus values.",219.61643412334288,296.35081017123304,Continuing,Index: 55; Auto: True; Heating: False; Concentration: 17.0; Heating Block Temperature: 25; Mixed: False; Rest Time (days): 0; Coupon-to-Bath Wait Time (min): 10.0; Relative Humidity: 68; Nitrogen (Side from drop): 0; Nitrogen (After blade): 1,0.5775198
10,57,"# Experimental Report: Automated Membrane Synthesis via NIPS

## Experiment Details
- **Experiment ID:** 53
- **Synthesis Method:** Automated non-solvent-induced phase separation (NIPS)
- **Polymer:** Polysulfone at 17.0% concentration
- **Solvent:** PolarClean

## Procedure
The polymer solution was premixed manually without heating (ambient temperature of 25??C). The solution was used immediately after preparation with no rest period. Using the robotic system, the solution was drop-cast onto the substrate and then blade-cast. Following blade casting, the sample was allowed to stand for 10 minutes before immersion in the NIPS bath. The experiment was conducted at 68% relative humidity with no nitrogen flow applied either during drop-casting or after blade-casting.

## Notes
This experiment tested membrane formation under relatively high humidity conditions without any humidity control measures (no nitrogen flow), using a moderate wait time before bath immersion.","# Recommendation for Next Experiment to Maximize Modulus

Based on the prior experimental data, I recommend the following parameters for the next experiment to maximize the elastic modulus:

## Recommended Experimental Parameters
- **Synthesis Method**: Automated (Yes)
- **Polymer Concentration**: 18.0% polysulfone
- **Heating**: No (ambient temperature of 25°C)
- **Mixed**: No (use premixed solution)
- **Rest time**: 0 days
- **Coupon-to-Bath Wait Time**: 5.0 minutes
- **Relative Humidity**: 70%
- **Nitrogen (Side from drop)**: No
- **Nitrogen (After blade)**: Yes

## Rationale
1. **Higher polymer concentration**: The highest modulus values were observed with concentrations of 16-17%. Increasing to 18% may further enhance mechanical properties.

2. **No heating/ambient temperature**: All successful high-modulus experiments used ambient temperature processing.

3. **Premixed solution**: Experiments using premixed solutions (rather than robot-mixed) showed higher modulus values (e.g., Exp #50, #51, #55).

4. **Zero rest time**: The highest modulus values were observed when solutions were used immediately (0 days rest time).

5. **Intermediate wait time**: Experiment #55 with a 10-minute wait time showed excellent modulus (219.62), while immediate immersion experiments showed variable results. A 5-minute wait time balances solvent evaporation effects.

6. **High humidity**: Experiments at 68-70% humidity consistently produced high modulus values.

7. **Nitrogen flow after blade casting only**: This pattern was consistent across the highest-performing experiments.

This parameter set builds on the successful conditions from experiments #50, #51, and #55 while optimizing the concentration and wait time to potentially achieve even higher modulus values.",296.35081017123304,296.35081017123304,Max modulus reached,Index: 53; Auto: True; Heating: False; Concentration: 17.0; Heating Block Temperature: 25; Mixed: False; Rest Time (days): 0; Coupon-to-Bath Wait Time (min): 10.0; Relative Humidity: 68; Nitrogen (Side from drop): 0; Nitrogen (After blade): 0,0.62687886
