Trajectory_File,Iteration,CsPbI,FAPbI,MAPbI,Instability index,Formatted_Parameters,Report,Report with output,Formatted_Parameters with output
llm_experiment_perovskite_instability_trajectory_report_seed42_run3.csv,0,0.16,0.84,0.0,57484,"CsPbI: 0.16, FAPbI: 0.84, MAPbI: 0.0, Instability index: 57484.0","# Experimental Report: Compositional Analysis of Mixed-Cation Perovskite

## Composition Analysis
The perovskite sample under investigation has the following compositional ratio:
- CsPbI₃: 16%
- FAPbI₃: 84%
- MAPbI₃: 0%
- Measured instability index: 57484.0

## Discussion of Composition-Property Relationships

### Structural Considerations
The examined perovskite represents a binary Cs/FA mixed-cation system with complete absence of the MA cation. The dominance of FA⁺ (formamidinium) cations in the A-site position likely influences the crystal structure in several ways:

1. **Tolerance Factor**: FA⁺ has a larger ionic radius (253 pm) compared to Cs⁺ (167 pm), resulting in a tolerance factor closer to unity for FAPbI₃. The mixed composition may help optimize the overall tolerance factor toward the ideal cubic structure.

2. **Crystal Phase**: Pure FAPbI₃ typically crystallizes in a yellow δ-phase at room temperature, which is photoinactive. The incorporation of 16% Cs⁺ likely helps stabilize the black α-phase needed for optoelectronic performance.

### Chemical Stability Considerations

1. **Thermal Stability**: The absence of MA⁺ is potentially beneficial for thermal stability, as MA⁺ is known to be thermally labile due to its volatile nature. Cs⁺ incorporation generally enhances thermal resilience.

2. **Moisture Sensitivity**: The high FA⁺ content may contribute to moisture sensitivity, as FAPbI₃ is generally less stable against humidity than CsPbI₃. The relatively high instability index may reflect this vulnerability.

3. **Phase Segregation Risk**: The binary system may experience less phase segregation than ternary systems, though the significant disparity between Cs⁺ and FA⁺ concentrations could still lead to compositional heterogeneity over time.

## Potential Stability Implications

The relatively high instability index (57484.0) suggests potential challenges with long-term stability. This may be attributed to:

1. The dominant presence of FA⁺, which tends to form a less stable perovskite structure compared to pure Cs⁺-based compositions.

2. Insufficient Cs⁺ content to fully stabilize the photoactive black phase of the perovskite.

3. Possible lattice strain arising from the significant size mismatch between the two cations.

## Conclusion

The analyzed Cs₀.₁₆FA₀.₈₄PbI₃ composition represents a binary mixed-cation system with potential stability challenges as indicated by its instability index. While the incorporation of Cs⁺ likely provides some structural stabilization, the high FA⁺ content may contribute to moisture sensitivity and phase instability. Further optimization of the Cs⁺/FA⁺ ratio or introduction of small amounts of MA⁺ might be considered to enhance the overall stability while maintaining favorable optoelectronic properties.","Report: # Experimental Report: Compositional Analysis of Mixed-Cation Perovskite

## Composition Analysis
The perovskite sample under investigation has the following compositional ratio:
- CsPbI₃: 16%
- FAPbI₃: 84%
- MAPbI₃: 0%
- Measured instability index: 57484.0

## Discussion of Composition-Property Relationships

### Structural Considerations
The examined perovskite represents a binary Cs/FA mixed-cation system with complete absence of the MA cation. The dominance of FA⁺ (formamidinium) cations in the A-site position likely influences the crystal structure in several ways:

1. **Tolerance Factor**: FA⁺ has a larger ionic radius (253 pm) compared to Cs⁺ (167 pm), resulting in a tolerance factor closer to unity for FAPbI₃. The mixed composition may help optimize the overall tolerance factor toward the ideal cubic structure.

2. **Crystal Phase**: Pure FAPbI₃ typically crystallizes in a yellow δ-phase at room temperature, which is photoinactive. The incorporation of 16% Cs⁺ likely helps stabilize the black α-phase needed for optoelectronic performance.

### Chemical Stability Considerations

1. **Thermal Stability**: The absence of MA⁺ is potentially beneficial for thermal stability, as MA⁺ is known to be thermally labile due to its volatile nature. Cs⁺ incorporation generally enhances thermal resilience.

2. **Moisture Sensitivity**: The high FA⁺ content may contribute to moisture sensitivity, as FAPbI₃ is generally less stable against humidity than CsPbI₃. The relatively high instability index may reflect this vulnerability.

3. **Phase Segregation Risk**: The binary system may experience less phase segregation than ternary systems, though the significant disparity between Cs⁺ and FA⁺ concentrations could still lead to compositional heterogeneity over time.

## Potential Stability Implications

The relatively high instability index (57484.0) suggests potential challenges with long-term stability. This may be attributed to:

1. The dominant presence of FA⁺, which tends to form a less stable perovskite structure compared to pure Cs⁺-based compositions.

2. Insufficient Cs⁺ content to fully stabilize the photoactive black phase of the perovskite.

3. Possible lattice strain arising from the significant size mismatch between the two cations.

## Conclusion

The analyzed Cs₀.₁₆FA₀.₈₄PbI₃ composition represents a binary mixed-cation system with potential stability challenges as indicated by its instability index. While the incorporation of Cs⁺ likely provides some structural stabilization, the high FA⁺ content may contribute to moisture sensitivity and phase instability. Further optimization of the Cs⁺/FA⁺ ratio or introduction of small amounts of MA⁺ might be considered to enhance the overall stability while maintaining favorable optoelectronic properties. 

**The Actual Instability index is 57484**","Parameters: CsPbI: 0.16, FAPbI: 0.84, MAPbI: 0.0, Instability index: 57484.0 

**The Actual Instability index is 57484**"
llm_experiment_perovskite_instability_trajectory_report_seed42_run3.csv,1,0.09,0.87,0.04,339668,"CsPbI: 0.09, FAPbI: 0.87, MAPbI: 0.04, Instability index: 339668.0","# Experimental Report: Compositional Analysis of Mixed-Cation Perovskite

## Composition Analysis
The perovskite sample under investigation has the following compositional ratios:
- CsPbI₃: 0.09 (9%)
- FAPbI₃: 0.87 (87%)
- MAPbI₃: 0.04 (4%)
- Reported instability index: 339668.0

## Discussion of Composition-Property Relationships

### Structural Considerations
The sample is predominantly composed of formamidinium (FA) lead iodide with minor additions of cesium (Cs) and methylammonium (MA) cations. This mixed-cation approach is consistent with current strategies to enhance perovskite stability while maintaining favorable optoelectronic properties.

The high FA content (87%) likely dominates the crystal structure. FA⁺ has a larger ionic radius (2.53 Å) compared to MA⁺ (2.17 Å) and Cs⁺ (1.81 Å), which affects the tolerance factor and octahedral tilting in the perovskite framework. The predominance of FA⁺ may promote the formation of the black α-phase with suitable bandgap for photovoltaic applications.

### Stability Implications
The relatively high instability index (339668.0) suggests potential challenges with long-term stability. Several factors may contribute to this:

1. **Phase Stability**: Pure FAPbI₃ is known to undergo phase transitions to a photoinactive δ-phase at room temperature. The low concentration of Cs⁺ (9%) may be insufficient to fully stabilize the photoactive black phase.

2. **Moisture Sensitivity**: FA-rich compositions typically exhibit higher sensitivity to moisture compared to Cs-rich formulations. The low proportion of Cs⁺ may not adequately protect against humidity-induced degradation.

3. **Thermal Stability**: The minimal MA content (4%) is beneficial as MA⁺ is thermally unstable and prone to volatilization at elevated temperatures. However, the dominance of FA⁺ may not provide optimal thermal stability.

4. **Ion Migration**: The composition may influence ion migration pathways, particularly for iodide ions, which could affect long-term operational stability under applied bias.

## Conclusion
The analyzed perovskite composition features a FA-dominant structure with minor Cs and MA incorporation. While this composition likely offers good optoelectronic properties, the high instability index suggests potential challenges with long-term stability. Further optimization of the Cs:FA:MA ratio may be necessary to achieve a better balance between performance and stability. Additional stabilization strategies such as 2D/3D interfaces, passivation treatments, or incorporation of rubidium or potassium might be beneficial to improve the stability of this predominantly FA-based perovskite.","Report: # Experimental Report: Compositional Analysis of Mixed-Cation Perovskite

## Composition Analysis
The perovskite sample under investigation has the following compositional ratios:
- CsPbI₃: 0.09 (9%)
- FAPbI₃: 0.87 (87%)
- MAPbI₃: 0.04 (4%)
- Reported instability index: 339668.0

## Discussion of Composition-Property Relationships

### Structural Considerations
The sample is predominantly composed of formamidinium (FA) lead iodide with minor additions of cesium (Cs) and methylammonium (MA) cations. This mixed-cation approach is consistent with current strategies to enhance perovskite stability while maintaining favorable optoelectronic properties.

The high FA content (87%) likely dominates the crystal structure. FA⁺ has a larger ionic radius (2.53 Å) compared to MA⁺ (2.17 Å) and Cs⁺ (1.81 Å), which affects the tolerance factor and octahedral tilting in the perovskite framework. The predominance of FA⁺ may promote the formation of the black α-phase with suitable bandgap for photovoltaic applications.

### Stability Implications
The relatively high instability index (339668.0) suggests potential challenges with long-term stability. Several factors may contribute to this:

1. **Phase Stability**: Pure FAPbI₃ is known to undergo phase transitions to a photoinactive δ-phase at room temperature. The low concentration of Cs⁺ (9%) may be insufficient to fully stabilize the photoactive black phase.

2. **Moisture Sensitivity**: FA-rich compositions typically exhibit higher sensitivity to moisture compared to Cs-rich formulations. The low proportion of Cs⁺ may not adequately protect against humidity-induced degradation.

3. **Thermal Stability**: The minimal MA content (4%) is beneficial as MA⁺ is thermally unstable and prone to volatilization at elevated temperatures. However, the dominance of FA⁺ may not provide optimal thermal stability.

4. **Ion Migration**: The composition may influence ion migration pathways, particularly for iodide ions, which could affect long-term operational stability under applied bias.

## Conclusion
The analyzed perovskite composition features a FA-dominant structure with minor Cs and MA incorporation. While this composition likely offers good optoelectronic properties, the high instability index suggests potential challenges with long-term stability. Further optimization of the Cs:FA:MA ratio may be necessary to achieve a better balance between performance and stability. Additional stabilization strategies such as 2D/3D interfaces, passivation treatments, or incorporation of rubidium or potassium might be beneficial to improve the stability of this predominantly FA-based perovskite. 

**The Actual Instability index is 339668**","Parameters: CsPbI: 0.09, FAPbI: 0.87, MAPbI: 0.04, Instability index: 339668.0 

**The Actual Instability index is 339668**"
llm_experiment_perovskite_instability_trajectory_report_seed42_run3.csv,2,0.69,0.31,0.0,261756,"CsPbI: 0.69, FAPbI: 0.31, MAPbI: 0.0, Instability index: 261756.0","# Experimental Report: Compositional Analysis of Mixed-Cation Perovskite

## Composition Analysis
The perovskite sample under investigation has the following composition:
- CsPbI₃: 69%
- FAPbI₃: 31%
- MAPbI₃: 0%

## Structural and Chemical Considerations

### Cation Size Effects
The sample contains a binary mixture of Cs⁺ (smaller ionic radius, ~1.67 Å) and FA⁺ (larger ionic radius, ~2.53 Å) cations, with complete absence of MA⁺ (~2.17 Å). This size distribution likely affects the Goldschmidt tolerance factor, which is critical for structural stability of the perovskite lattice.

### Potential Stability Implications
1. **Cs-Rich Composition**: The predominance of Cs⁺ (69%) may enhance thermal stability due to the inorganic nature of Cs⁺, which is less prone to thermal degradation compared to organic cations.

2. **FA Contribution**: The moderate presence of FA⁺ (31%) could help optimize the tolerance factor, potentially mitigating the phase instability often observed in pure CsPbI₃, which tends to transition to a non-photoactive yellow δ-phase at room temperature.

3. **Absence of MA⁺**: The complete absence of MA⁺ eliminates concerns related to its volatility and susceptibility to moisture-induced degradation, which could be beneficial for long-term stability.

## Potential Stability Challenges

1. **Phase Segregation**: Binary mixtures may still experience phase segregation under operational conditions, particularly under illumination or thermal stress.

2. **Humidity Sensitivity**: Despite the absence of highly hygroscopic MA⁺, the iodide-based composition remains potentially vulnerable to moisture-induced degradation.

3. **Interfacial Reactions**: The specific cation composition may influence interfacial reactions with charge transport layers, affecting device stability over time.

## Conclusion
The Cs₀.₆₉FA₀.₃₁PbI₃ composition represents a strategic approach to balancing structural stability through cation engineering. The high Cs⁺ content combined with partial FA⁺ incorporation may offer improved thermal stability compared to MA-containing formulations, while potentially addressing the phase instability of pure CsPbI₃. Further experimental investigation is required to correlate this composition with the reported instability index and to optimize the formulation for enhanced long-term operational stability.","Report: # Experimental Report: Compositional Analysis of Mixed-Cation Perovskite

## Composition Analysis
The perovskite sample under investigation has the following composition:
- CsPbI₃: 69%
- FAPbI₃: 31%
- MAPbI₃: 0%

## Structural and Chemical Considerations

### Cation Size Effects
The sample contains a binary mixture of Cs⁺ (smaller ionic radius, ~1.67 Å) and FA⁺ (larger ionic radius, ~2.53 Å) cations, with complete absence of MA⁺ (~2.17 Å). This size distribution likely affects the Goldschmidt tolerance factor, which is critical for structural stability of the perovskite lattice.

### Potential Stability Implications
1. **Cs-Rich Composition**: The predominance of Cs⁺ (69%) may enhance thermal stability due to the inorganic nature of Cs⁺, which is less prone to thermal degradation compared to organic cations.

2. **FA Contribution**: The moderate presence of FA⁺ (31%) could help optimize the tolerance factor, potentially mitigating the phase instability often observed in pure CsPbI₃, which tends to transition to a non-photoactive yellow δ-phase at room temperature.

3. **Absence of MA⁺**: The complete absence of MA⁺ eliminates concerns related to its volatility and susceptibility to moisture-induced degradation, which could be beneficial for long-term stability.

## Potential Stability Challenges

1. **Phase Segregation**: Binary mixtures may still experience phase segregation under operational conditions, particularly under illumination or thermal stress.

2. **Humidity Sensitivity**: Despite the absence of highly hygroscopic MA⁺, the iodide-based composition remains potentially vulnerable to moisture-induced degradation.

3. **Interfacial Reactions**: The specific cation composition may influence interfacial reactions with charge transport layers, affecting device stability over time.

## Conclusion
The Cs₀.₆₉FA₀.₃₁PbI₃ composition represents a strategic approach to balancing structural stability through cation engineering. The high Cs⁺ content combined with partial FA⁺ incorporation may offer improved thermal stability compared to MA-containing formulations, while potentially addressing the phase instability of pure CsPbI₃. Further experimental investigation is required to correlate this composition with the reported instability index and to optimize the formulation for enhanced long-term operational stability. 

**The Actual Instability index is 261756**","Parameters: CsPbI: 0.69, FAPbI: 0.31, MAPbI: 0.0, Instability index: 261756.0 

**The Actual Instability index is 261756**"
llm_experiment_perovskite_instability_trajectory_report_seed42_run3.csv,3,0.16,0.84,0.0,286689,"CsPbI: 0.16, FAPbI: 0.84, MAPbI: 0.0, Instability index: 286689.0","# Experimental Report: Compositional Analysis of Mixed-Cation Perovskite

## Composition Analysis
The perovskite sample under investigation has the following compositional ratio:
- CsPbI₃: 16%
- FAPbI₃: 84%
- MAPbI₃: 0%

## Structural and Chemical Considerations

### Cation Size Effects
The sample contains a binary mixture of Cs⁺ (smaller ionic radius, ~1.67 Å) and FA⁺ (larger ionic radius, ~2.53 Å) cations, with FA⁺ being the dominant component. The absence of MA⁺ (intermediate ionic radius, ~2.17 Å) is notable. This composition creates a bimodal distribution of A-site cations rather than a gradient of sizes.

### Tolerance Factor Implications
The Goldschmidt tolerance factor (t) for this composition would be predominantly influenced by the FA⁺ component. The high proportion of FAPbI₃ likely pushes the tolerance factor closer to the upper limit of stability (t > 1), which may induce lattice strain and potential phase instability.

### Hydrogen Bonding Considerations
FA⁺ contains multiple N-H bonds capable of hydrogen bonding with the iodide ions in the perovskite framework. The absence of MA⁺ eliminates the potential diversity in hydrogen bonding patterns that could contribute to structural stability.

### Phase Stability
Pure FAPbI₃ is known to undergo phase transitions to a non-photoactive yellow δ-phase at room temperature. The 16% Cs⁺ incorporation may be insufficient to fully suppress this phase instability, particularly under environmental stressors.

## Potential Stability Implications

1. **Thermal Stability**: The inclusion of Cs⁺ may improve thermal stability compared to pure FAPbI₃, but the relatively low concentration might limit this benefit.

2. **Moisture Sensitivity**: The high FA⁺ content could render the film susceptible to moisture-induced degradation due to the hygroscopic nature of formamidinium.

3. **Phase Segregation Risk**: Binary mixtures with disparate cation sizes may be prone to phase segregation under operational conditions, potentially creating localized regions with different bandgaps and stability profiles.

4. **Ion Migration Pathways**: The predominance of the larger FA⁺ cation may create wider ion migration channels, potentially facilitating halide migration under electric fields.

## Conclusion
The composition (Cs₀.₁₆FA₀.₈₄)PbI₃ represents a binary cation perovskite with a high proportion of the larger, organic FA⁺ cation. While Cs⁺ incorporation may provide some stabilization benefits, the relatively low concentration and absence of an intermediate-sized cation (MA⁺) may limit the structural stability advantages typically observed in triple-cation formulations. Further investigation of phase behavior under various environmental conditions would be valuable to fully characterize the stability profile of this composition.","Report: # Experimental Report: Compositional Analysis of Mixed-Cation Perovskite

## Composition Analysis
The perovskite sample under investigation has the following compositional ratio:
- CsPbI₃: 16%
- FAPbI₃: 84%
- MAPbI₃: 0%

## Structural and Chemical Considerations

### Cation Size Effects
The sample contains a binary mixture of Cs⁺ (smaller ionic radius, ~1.67 Å) and FA⁺ (larger ionic radius, ~2.53 Å) cations, with FA⁺ being the dominant component. The absence of MA⁺ (intermediate ionic radius, ~2.17 Å) is notable. This composition creates a bimodal distribution of A-site cations rather than a gradient of sizes.

### Tolerance Factor Implications
The Goldschmidt tolerance factor (t) for this composition would be predominantly influenced by the FA⁺ component. The high proportion of FAPbI₃ likely pushes the tolerance factor closer to the upper limit of stability (t > 1), which may induce lattice strain and potential phase instability.

### Hydrogen Bonding Considerations
FA⁺ contains multiple N-H bonds capable of hydrogen bonding with the iodide ions in the perovskite framework. The absence of MA⁺ eliminates the potential diversity in hydrogen bonding patterns that could contribute to structural stability.

### Phase Stability
Pure FAPbI₃ is known to undergo phase transitions to a non-photoactive yellow δ-phase at room temperature. The 16% Cs⁺ incorporation may be insufficient to fully suppress this phase instability, particularly under environmental stressors.

## Potential Stability Implications

1. **Thermal Stability**: The inclusion of Cs⁺ may improve thermal stability compared to pure FAPbI₃, but the relatively low concentration might limit this benefit.

2. **Moisture Sensitivity**: The high FA⁺ content could render the film susceptible to moisture-induced degradation due to the hygroscopic nature of formamidinium.

3. **Phase Segregation Risk**: Binary mixtures with disparate cation sizes may be prone to phase segregation under operational conditions, potentially creating localized regions with different bandgaps and stability profiles.

4. **Ion Migration Pathways**: The predominance of the larger FA⁺ cation may create wider ion migration channels, potentially facilitating halide migration under electric fields.

## Conclusion
The composition (Cs₀.₁₆FA₀.₈₄)PbI₃ represents a binary cation perovskite with a high proportion of the larger, organic FA⁺ cation. While Cs⁺ incorporation may provide some stabilization benefits, the relatively low concentration and absence of an intermediate-sized cation (MA⁺) may limit the structural stability advantages typically observed in triple-cation formulations. Further investigation of phase behavior under various environmental conditions would be valuable to fully characterize the stability profile of this composition. 

**The Actual Instability index is 286689**","Parameters: CsPbI: 0.16, FAPbI: 0.84, MAPbI: 0.0, Instability index: 286689.0 

**The Actual Instability index is 286689**"
llm_experiment_perovskite_instability_trajectory_report_seed42_run3.csv,4,0.84,0.0,0.16,293210,"CsPbI: 0.84, FAPbI: 0.0, MAPbI: 0.16, Instability index: 293210.0","# Experimental Report: Compositional Analysis of Mixed-Cation Perovskite

## Composition Analysis
The perovskite sample under investigation has the following composition:
- CsPbI₃: 84%
- MAPbI₃: 16% 
- FAPbI₃: 0%

## Structural and Chemical Considerations

### Cation Size Effects
The sample is predominantly composed of CsPbI₃ with a smaller fraction of MAPbI₃. The Cs⁺ cation (ionic radius ~1.67 Å) is significantly smaller than the MA⁺ cation (methylammonium, ~2.17 Å). This size difference may introduce lattice strain at the interfaces between CsPbI₃ and MAPbI₃ domains.

### Phase Stability
Pure CsPbI₃ typically forms a yellow non-perovskite δ-phase at room temperature, requiring high temperatures to transition to the black perovskite α-phase. The incorporation of 16% MA⁺ may help stabilize the perovskite phase by increasing the tolerance factor, though this percentage might be insufficient for complete stabilization.

### Moisture Sensitivity
The MA⁺ component is hygroscopic and susceptible to moisture-induced degradation. While the high Cs⁺ content may improve moisture resistance compared to pure MAPbI₃, the presence of any MA⁺ still presents a potential vulnerability to humidity.

### Thermal Stability
The Cs⁺-rich composition should exhibit improved thermal stability compared to pure MAPbI₃, as Cs⁺ is inorganic and thermally stable. However, the absence of FA⁺ (formamidinium), which can enhance thermal stability in mixed compositions, may limit the overall thermal resilience.

### Ion Migration
The composition may experience ion migration under operational conditions, particularly at the interfaces between different cation domains. The Cs⁺/MA⁺ interface could serve as pathways for halide migration.

## Conclusion
The high CsPbI₃ content with moderate MAPbI₃ incorporation represents a composition that balances the stability advantages of inorganic Cs⁺ with the favorable optoelectronic properties of MA⁺. However, the complete absence of FA⁺ and the relatively high instability index suggest potential challenges for long-term operational stability. Further investigation into phase segregation and environmental stability is recommended.","Report: # Experimental Report: Compositional Analysis of Mixed-Cation Perovskite

## Composition Analysis
The perovskite sample under investigation has the following composition:
- CsPbI₃: 84%
- MAPbI₃: 16% 
- FAPbI₃: 0%

## Structural and Chemical Considerations

### Cation Size Effects
The sample is predominantly composed of CsPbI₃ with a smaller fraction of MAPbI₃. The Cs⁺ cation (ionic radius ~1.67 Å) is significantly smaller than the MA⁺ cation (methylammonium, ~2.17 Å). This size difference may introduce lattice strain at the interfaces between CsPbI₃ and MAPbI₃ domains.

### Phase Stability
Pure CsPbI₃ typically forms a yellow non-perovskite δ-phase at room temperature, requiring high temperatures to transition to the black perovskite α-phase. The incorporation of 16% MA⁺ may help stabilize the perovskite phase by increasing the tolerance factor, though this percentage might be insufficient for complete stabilization.

### Moisture Sensitivity
The MA⁺ component is hygroscopic and susceptible to moisture-induced degradation. While the high Cs⁺ content may improve moisture resistance compared to pure MAPbI₃, the presence of any MA⁺ still presents a potential vulnerability to humidity.

### Thermal Stability
The Cs⁺-rich composition should exhibit improved thermal stability compared to pure MAPbI₃, as Cs⁺ is inorganic and thermally stable. However, the absence of FA⁺ (formamidinium), which can enhance thermal stability in mixed compositions, may limit the overall thermal resilience.

### Ion Migration
The composition may experience ion migration under operational conditions, particularly at the interfaces between different cation domains. The Cs⁺/MA⁺ interface could serve as pathways for halide migration.

## Conclusion
The high CsPbI₃ content with moderate MAPbI₃ incorporation represents a composition that balances the stability advantages of inorganic Cs⁺ with the favorable optoelectronic properties of MA⁺. However, the complete absence of FA⁺ and the relatively high instability index suggest potential challenges for long-term operational stability. Further investigation into phase segregation and environmental stability is recommended. 

**The Actual Instability index is 293210**","Parameters: CsPbI: 0.84, FAPbI: 0.0, MAPbI: 0.16, Instability index: 293210.0 

**The Actual Instability index is 293210**"
llm_experiment_perovskite_instability_trajectory_report_seed42_run3.csv,5,0.0,1.0,0.0,505657,"CsPbI: 0.0, FAPbI: 1.0, MAPbI: 0.0, Instability index: 505657.0","# Experimental Report: Perovskite Composition Analysis

## Composition
The analyzed perovskite sample consists of:
- CsPbI₃: 0.0 (0%)
- FAPbI₃: 1.0 (100%)
- MAPbI₃: 0.0 (0%)
- Instability index: 505657.0

## Discussion
The sample represents a pure formamidinium lead iodide (FAPbI₃) perovskite without any cesium or methylammonium cation incorporation. This composition has several structural and chemical implications:

### Structural Considerations
1. FAPbI₃ typically forms a black α-phase (perovskite structure) with favorable optoelectronic properties, but it can readily transform to a yellow δ-phase (non-perovskite) at room temperature.
2. The FA⁺ cation (HC(NH₂)₂⁺) is larger than both Cs⁺ and MA⁺ cations, resulting in a larger cuboctahedral void in the lead-iodide framework.
3. The Goldschmidt tolerance factor for pure FAPbI₃ is close to the upper limit for stable perovskite formation, potentially contributing to phase instability.

### Chemical Considerations
1. The FA⁺ cation contains N-H bonds that can interact with moisture, potentially accelerating degradation pathways.
2. Pure FAPbI₃ lacks the stabilizing effect of smaller cations (like Cs⁺) that can help maintain the perovskite phase.
3. The absence of mixed cations eliminates potential entropy-driven stabilization effects that are typically observed in mixed-cation systems.

### Stability Implications
The high instability index (505657.0) likely reflects the known phase instability of pure FAPbI₃. This instability may manifest as:
- Spontaneous phase transitions from the photoactive black phase to the non-photoactive yellow phase
- Increased susceptibility to moisture-induced degradation
- Potential thermal instability under operating conditions

## Conclusion
The pure FAPbI₃ composition exhibits structural characteristics that likely contribute to its high instability index. For improved stability, incorporation of smaller cations like Cs⁺ or MA⁺ could be considered to stabilize the perovskite phase through improved tolerance factor, reduced lattice strain, and increased entropy of mixing.","Report: # Experimental Report: Perovskite Composition Analysis

## Composition
The analyzed perovskite sample consists of:
- CsPbI₃: 0.0 (0%)
- FAPbI₃: 1.0 (100%)
- MAPbI₃: 0.0 (0%)
- Instability index: 505657.0

## Discussion
The sample represents a pure formamidinium lead iodide (FAPbI₃) perovskite without any cesium or methylammonium cation incorporation. This composition has several structural and chemical implications:

### Structural Considerations
1. FAPbI₃ typically forms a black α-phase (perovskite structure) with favorable optoelectronic properties, but it can readily transform to a yellow δ-phase (non-perovskite) at room temperature.
2. The FA⁺ cation (HC(NH₂)₂⁺) is larger than both Cs⁺ and MA⁺ cations, resulting in a larger cuboctahedral void in the lead-iodide framework.
3. The Goldschmidt tolerance factor for pure FAPbI₃ is close to the upper limit for stable perovskite formation, potentially contributing to phase instability.

### Chemical Considerations
1. The FA⁺ cation contains N-H bonds that can interact with moisture, potentially accelerating degradation pathways.
2. Pure FAPbI₃ lacks the stabilizing effect of smaller cations (like Cs⁺) that can help maintain the perovskite phase.
3. The absence of mixed cations eliminates potential entropy-driven stabilization effects that are typically observed in mixed-cation systems.

### Stability Implications
The high instability index (505657.0) likely reflects the known phase instability of pure FAPbI₃. This instability may manifest as:
- Spontaneous phase transitions from the photoactive black phase to the non-photoactive yellow phase
- Increased susceptibility to moisture-induced degradation
- Potential thermal instability under operating conditions

## Conclusion
The pure FAPbI₃ composition exhibits structural characteristics that likely contribute to its high instability index. For improved stability, incorporation of smaller cations like Cs⁺ or MA⁺ could be considered to stabilize the perovskite phase through improved tolerance factor, reduced lattice strain, and increased entropy of mixing. 

**The Actual Instability index is 505657**","Parameters: CsPbI: 0.0, FAPbI: 1.0, MAPbI: 0.0, Instability index: 505657.0 

**The Actual Instability index is 505657**"
llm_experiment_perovskite_instability_trajectory_report_seed42_run3.csv,6,0.13,0.87,0.0,24723,"CsPbI: 0.13, FAPbI: 0.87, MAPbI: 0.0, Instability index: 24723.0","# Experimental Report: Compositional Analysis of Mixed-Cation Perovskite

## Composition Analysis
The perovskite sample has the following compositional ratio:
- CsPbI₃: 13%
- FAPbI₃: 87%
- MAPbI₃: 0%

## Structural and Stability Considerations

The analyzed composition represents a binary mixed-cation perovskite with Cs⁺ and FA⁺ (formamidinium) as A-site cations in the ABX₃ perovskite structure, while maintaining consistent B-site (Pb²⁺) and X-site (I⁻) ions.

### Key Observations:

1. **Tolerance Factor Effects**: The incorporation of 13% Cs⁺ (smaller ionic radius) alongside 87% FA⁺ (larger ionic radius) likely modifies the overall Goldschmidt tolerance factor of the structure. This combination may help stabilize the perovskite phase by reducing lattice distortion.

2. **Absence of MA⁺**: The complete absence of methylammonium (MA⁺) eliminates potential degradation pathways associated with MA⁺ volatility and thermal instability.

3. **FA⁺ Dominance**: The high FA⁺ content (87%) may contribute to:
   - Enhanced light absorption properties due to FA⁺'s favorable bandgap characteristics
   - Potential phase instability concerns, as pure FAPbI₃ tends to form a yellow δ-phase at room temperature

4. **Cs⁺ Stabilization**: The 13% Cs⁺ content likely serves as a structural stabilizer, potentially:
   - Suppressing the formation of the non-photoactive δ-phase
   - Improving thermal stability through stronger ionic bonding
   - Enhancing resistance to moisture-induced degradation

## Stability Implications

The relatively high instability index (24723.0) suggests potential concerns regarding long-term stability. This may be attributed to:

1. The dominant FA⁺ content, which despite beneficial optoelectronic properties, may not be sufficiently stabilized by the 13% Cs⁺ incorporation.

2. Possible incomplete phase stabilization, where the Cs⁺ concentration may be insufficient to fully suppress phase segregation or transformation under environmental stressors.

3. Potential iodide migration pathways that remain accessible in this compositional configuration.

## Conclusion

This Cs₀.₁₃FA₀.₈₇PbI₃ composition represents a strategic approach to balance the favorable optoelectronic properties of FA-based perovskites with the stabilizing effects of Cs⁺ incorporation. However, the high instability index suggests that further compositional engineering may be necessary to achieve optimal long-term stability for practical applications.","Report: # Experimental Report: Compositional Analysis of Mixed-Cation Perovskite

## Composition Analysis
The perovskite sample has the following compositional ratio:
- CsPbI₃: 13%
- FAPbI₃: 87%
- MAPbI₃: 0%

## Structural and Stability Considerations

The analyzed composition represents a binary mixed-cation perovskite with Cs⁺ and FA⁺ (formamidinium) as A-site cations in the ABX₃ perovskite structure, while maintaining consistent B-site (Pb²⁺) and X-site (I⁻) ions.

### Key Observations:

1. **Tolerance Factor Effects**: The incorporation of 13% Cs⁺ (smaller ionic radius) alongside 87% FA⁺ (larger ionic radius) likely modifies the overall Goldschmidt tolerance factor of the structure. This combination may help stabilize the perovskite phase by reducing lattice distortion.

2. **Absence of MA⁺**: The complete absence of methylammonium (MA⁺) eliminates potential degradation pathways associated with MA⁺ volatility and thermal instability.

3. **FA⁺ Dominance**: The high FA⁺ content (87%) may contribute to:
   - Enhanced light absorption properties due to FA⁺'s favorable bandgap characteristics
   - Potential phase instability concerns, as pure FAPbI₃ tends to form a yellow δ-phase at room temperature

4. **Cs⁺ Stabilization**: The 13% Cs⁺ content likely serves as a structural stabilizer, potentially:
   - Suppressing the formation of the non-photoactive δ-phase
   - Improving thermal stability through stronger ionic bonding
   - Enhancing resistance to moisture-induced degradation

## Stability Implications

The relatively high instability index (24723.0) suggests potential concerns regarding long-term stability. This may be attributed to:

1. The dominant FA⁺ content, which despite beneficial optoelectronic properties, may not be sufficiently stabilized by the 13% Cs⁺ incorporation.

2. Possible incomplete phase stabilization, where the Cs⁺ concentration may be insufficient to fully suppress phase segregation or transformation under environmental stressors.

3. Potential iodide migration pathways that remain accessible in this compositional configuration.

## Conclusion

This Cs₀.₁₃FA₀.₈₇PbI₃ composition represents a strategic approach to balance the favorable optoelectronic properties of FA-based perovskites with the stabilizing effects of Cs⁺ incorporation. However, the high instability index suggests that further compositional engineering may be necessary to achieve optimal long-term stability for practical applications. 

**The Actual Instability index is 24723**","Parameters: CsPbI: 0.13, FAPbI: 0.87, MAPbI: 0.0, Instability index: 24723.0 

**The Actual Instability index is 24723**"
llm_experiment_perovskite_instability_trajectory_report_seed42_run3.csv,7,0.13,0.87,0.0,59211,"CsPbI: 0.13, FAPbI: 0.87, MAPbI: 0.0, Instability index: 59211.0","# Experimental Report: Compositional Analysis of Mixed-Cation Perovskite

## Composition Analysis
The perovskite sample under investigation has the following compositional ratio:
- CsPbI₃: 13%
- FAPbI₃: 87%
- MAPbI₃: 0%

## Structural and Chemical Considerations

### Cation Size Effects
The sample contains a binary mixture of Cs⁺ (smaller ionic radius, ~1.67 Å) and FA⁺ (larger ionic radius, ~2.53 Å) cations, with FA⁺ being the dominant component. The absence of MA⁺ (intermediate ionic radius, ~2.17 Å) is notable. This composition creates a bimodal distribution of A-site cations rather than a gradient of sizes.

### Tolerance Factor Implications
The Goldschmidt tolerance factor (t) for this composition would be primarily influenced by the dominant FA⁺ cation. The relatively large size of FA⁺ likely pushes the tolerance factor toward the upper boundary of stability (t > 0.8 and < 1.0), potentially affecting octahedral tilting in the crystal structure.

### Potential Stability Factors
1. **Phase Stability**: The high FA⁺ content may promote the formation of the black α-phase, but could be susceptible to phase transitions under environmental stressors.

2. **Moisture Sensitivity**: FA⁺-rich compositions typically show moderate hygroscopicity. The partial substitution with Cs⁺ may provide some improvement in moisture resistance compared to pure FAPbI₃, but the high FA⁺ content suggests moisture sensitivity remains a concern.

3. **Thermal Stability**: The incorporation of Cs⁺ likely enhances thermal stability compared to pure FAPbI₃, as Cs⁺ has stronger ionic bonding within the perovskite framework.

4. **Lattice Distortion**: The significant size difference between Cs⁺ and FA⁺ may introduce local lattice strain and distortions, potentially creating nucleation sites for degradation.

## Conclusion
The composition (Cs₀.₁₃FA₀.₈₇)PbI₃ represents a binary mixed-cation perovskite with a high proportion of formamidinium. While the Cs⁺ inclusion may provide some stabilizing effects, the dominance of FA⁺ suggests that the material may still face stability challenges typical of FA-rich compositions. The absence of the intermediate-sized MA⁺ cation eliminates potential degradation pathways associated with methylammonium but may also remove beneficial effects of a more graduated cation size distribution.

Further experimental investigation is recommended to correlate the observed instability index with specific degradation mechanisms under controlled environmental conditions.","Report: # Experimental Report: Compositional Analysis of Mixed-Cation Perovskite

## Composition Analysis
The perovskite sample under investigation has the following compositional ratio:
- CsPbI₃: 13%
- FAPbI₃: 87%
- MAPbI₃: 0%

## Structural and Chemical Considerations

### Cation Size Effects
The sample contains a binary mixture of Cs⁺ (smaller ionic radius, ~1.67 Å) and FA⁺ (larger ionic radius, ~2.53 Å) cations, with FA⁺ being the dominant component. The absence of MA⁺ (intermediate ionic radius, ~2.17 Å) is notable. This composition creates a bimodal distribution of A-site cations rather than a gradient of sizes.

### Tolerance Factor Implications
The Goldschmidt tolerance factor (t) for this composition would be primarily influenced by the dominant FA⁺ cation. The relatively large size of FA⁺ likely pushes the tolerance factor toward the upper boundary of stability (t > 0.8 and < 1.0), potentially affecting octahedral tilting in the crystal structure.

### Potential Stability Factors
1. **Phase Stability**: The high FA⁺ content may promote the formation of the black α-phase, but could be susceptible to phase transitions under environmental stressors.

2. **Moisture Sensitivity**: FA⁺-rich compositions typically show moderate hygroscopicity. The partial substitution with Cs⁺ may provide some improvement in moisture resistance compared to pure FAPbI₃, but the high FA⁺ content suggests moisture sensitivity remains a concern.

3. **Thermal Stability**: The incorporation of Cs⁺ likely enhances thermal stability compared to pure FAPbI₃, as Cs⁺ has stronger ionic bonding within the perovskite framework.

4. **Lattice Distortion**: The significant size difference between Cs⁺ and FA⁺ may introduce local lattice strain and distortions, potentially creating nucleation sites for degradation.

## Conclusion
The composition (Cs₀.₁₃FA₀.₈₇)PbI₃ represents a binary mixed-cation perovskite with a high proportion of formamidinium. While the Cs⁺ inclusion may provide some stabilizing effects, the dominance of FA⁺ suggests that the material may still face stability challenges typical of FA-rich compositions. The absence of the intermediate-sized MA⁺ cation eliminates potential degradation pathways associated with methylammonium but may also remove beneficial effects of a more graduated cation size distribution.

Further experimental investigation is recommended to correlate the observed instability index with specific degradation mechanisms under controlled environmental conditions. 

**The Actual Instability index is 59211**","Parameters: CsPbI: 0.13, FAPbI: 0.87, MAPbI: 0.0, Instability index: 59211.0 

**The Actual Instability index is 59211**"
llm_experiment_perovskite_instability_trajectory_report_seed42_run3.csv,8,0.13,0.87,0.0,80413,"CsPbI: 0.13, FAPbI: 0.87, MAPbI: 0.0, Instability index: 80413.0","# Experimental Report: Compositional Analysis of Mixed-Cation Perovskite

## Composition Analysis
The perovskite sample under investigation has the following composition:
- CsPbI₃: 13%
- FAPbI₃: 87%
- MAPbI₃: 0%

## Structural and Chemical Considerations

### A-site Cation Effects
The sample consists of a binary mixture of Cs⁺ and FA⁺ cations at the A-site position. The absence of MA⁺ is notable as this eliminates potential degradation pathways associated with methylammonium's thermal instability.

The formamidinium (FA⁺) cation dominates the composition (87%), which typically contributes to:
- Enhanced light absorption properties due to a narrower bandgap
- Potential phase instability issues, as pure FAPbI₃ tends to form a yellow non-perovskite δ-phase at room temperature

The cesium (Cs⁺) component (13%) likely serves to:
- Stabilize the black perovskite α-phase
- Improve thermal stability through its inorganic nature
- Potentially reduce lattice strain due to its smaller ionic radius

### Potential Stability Implications

The high instability index (80413.0) suggests significant vulnerability to degradation. This may be attributed to:

1. **Phase Stability Concerns**: The high FA⁺ content may be insufficient to be fully stabilized by the relatively low Cs⁺ concentration, potentially allowing phase segregation or transition to the non-perovskite δ-phase under environmental stress.

2. **Moisture Sensitivity**: FA-rich compositions typically show high sensitivity to moisture, which could lead to hydrate formation and subsequent decomposition.

3. **Tolerance Factor**: The combination of 87% FA⁺ (larger cation) with 13% Cs⁺ (smaller cation) may result in a tolerance factor that deviates from the optimal range for structural stability.

## Conclusion

The analyzed composition represents a binary Cs/FA lead iodide perovskite with a high FA⁺ content. While this composition may offer favorable optoelectronic properties, the high instability index suggests potential challenges for long-term operational stability. Further investigation into phase behavior under various environmental conditions would be valuable to understand the specific degradation mechanisms affecting this composition.","Report: # Experimental Report: Compositional Analysis of Mixed-Cation Perovskite

## Composition Analysis
The perovskite sample under investigation has the following composition:
- CsPbI₃: 13%
- FAPbI₃: 87%
- MAPbI₃: 0%

## Structural and Chemical Considerations

### A-site Cation Effects
The sample consists of a binary mixture of Cs⁺ and FA⁺ cations at the A-site position. The absence of MA⁺ is notable as this eliminates potential degradation pathways associated with methylammonium's thermal instability.

The formamidinium (FA⁺) cation dominates the composition (87%), which typically contributes to:
- Enhanced light absorption properties due to a narrower bandgap
- Potential phase instability issues, as pure FAPbI₃ tends to form a yellow non-perovskite δ-phase at room temperature

The cesium (Cs⁺) component (13%) likely serves to:
- Stabilize the black perovskite α-phase
- Improve thermal stability through its inorganic nature
- Potentially reduce lattice strain due to its smaller ionic radius

### Potential Stability Implications

The high instability index (80413.0) suggests significant vulnerability to degradation. This may be attributed to:

1. **Phase Stability Concerns**: The high FA⁺ content may be insufficient to be fully stabilized by the relatively low Cs⁺ concentration, potentially allowing phase segregation or transition to the non-perovskite δ-phase under environmental stress.

2. **Moisture Sensitivity**: FA-rich compositions typically show high sensitivity to moisture, which could lead to hydrate formation and subsequent decomposition.

3. **Tolerance Factor**: The combination of 87% FA⁺ (larger cation) with 13% Cs⁺ (smaller cation) may result in a tolerance factor that deviates from the optimal range for structural stability.

## Conclusion

The analyzed composition represents a binary Cs/FA lead iodide perovskite with a high FA⁺ content. While this composition may offer favorable optoelectronic properties, the high instability index suggests potential challenges for long-term operational stability. Further investigation into phase behavior under various environmental conditions would be valuable to understand the specific degradation mechanisms affecting this composition. 

**The Actual Instability index is 80413**","Parameters: CsPbI: 0.13, FAPbI: 0.87, MAPbI: 0.0, Instability index: 80413.0 

**The Actual Instability index is 80413**"
llm_experiment_perovskite_instability_trajectory_report_seed42_run3.csv,9,0.23,0.77,0.0,38893,"CsPbI: 0.23, FAPbI: 0.77, MAPbI: 0.0, Instability index: 38893.0","# Experimental Report: Compositional Analysis of Mixed-Cation Perovskite

## Composition Analysis
The perovskite sample under investigation has the following compositional ratio:
- CsPbI₃: 0.23
- FAPbI₃: 0.77
- MAPbI₃: 0.00

## Discussion of Structural and Chemical Properties

This mixed-cation perovskite combines cesium (Cs⁺) and formamidinium (FA⁺) as A-site cations in the ABX₃ perovskite structure, with complete absence of methylammonium (MA⁺). The composition represents a Cs₀.₂₃FA₀.₇₇PbI₃ formulation.

### Potential Stability Considerations

1. **Tolerance Factor Effects**: 
   - The incorporation of Cs⁺ (smaller ionic radius) alongside FA⁺ (larger ionic radius) likely modifies the Goldschmidt tolerance factor toward a more stable range.
   - The absence of MA⁺ eliminates concerns related to its thermal instability and susceptibility to degradation.

2. **Phase Stability**:
   - Pure CsPbI₃ typically forms a yellow non-perovskite δ-phase at room temperature, while pure FAPbI₃ tends toward a yellow δ-phase under ambient conditions.
   - The mixed composition may stabilize the black perovskite α-phase through entropic effects and structural adjustments.

3. **Chemical Resilience**:
   - The FA⁺-dominant composition may provide good optoelectronic properties while the Cs⁺ component could enhance structural rigidity.
   - The absence of MA⁺ removes a common degradation pathway related to methylammonium's volatility.

4. **Environmental Response**:
   - This composition may exhibit intermediate moisture sensitivity compared to pure compounds.
   - The Cs⁺ content could potentially improve thermal stability compared to pure FAPbI₃.

## Conclusion

The Cs₀.₂₃FA₀.₇₇PbI₃ composition represents a strategic approach to perovskite design that balances the structural benefits of cesium with the favorable optoelectronic properties of formamidinium. The complete absence of methylammonium may enhance long-term stability by eliminating a common degradation pathway. Further experimental characterization is necessary to determine how this specific compositional ratio influences phase stability, defect formation, and resistance to environmental stressors.","Report: # Experimental Report: Compositional Analysis of Mixed-Cation Perovskite

## Composition Analysis
The perovskite sample under investigation has the following compositional ratio:
- CsPbI₃: 0.23
- FAPbI₃: 0.77
- MAPbI₃: 0.00

## Discussion of Structural and Chemical Properties

This mixed-cation perovskite combines cesium (Cs⁺) and formamidinium (FA⁺) as A-site cations in the ABX₃ perovskite structure, with complete absence of methylammonium (MA⁺). The composition represents a Cs₀.₂₃FA₀.₇₇PbI₃ formulation.

### Potential Stability Considerations

1. **Tolerance Factor Effects**: 
   - The incorporation of Cs⁺ (smaller ionic radius) alongside FA⁺ (larger ionic radius) likely modifies the Goldschmidt tolerance factor toward a more stable range.
   - The absence of MA⁺ eliminates concerns related to its thermal instability and susceptibility to degradation.

2. **Phase Stability**:
   - Pure CsPbI₃ typically forms a yellow non-perovskite δ-phase at room temperature, while pure FAPbI₃ tends toward a yellow δ-phase under ambient conditions.
   - The mixed composition may stabilize the black perovskite α-phase through entropic effects and structural adjustments.

3. **Chemical Resilience**:
   - The FA⁺-dominant composition may provide good optoelectronic properties while the Cs⁺ component could enhance structural rigidity.
   - The absence of MA⁺ removes a common degradation pathway related to methylammonium's volatility.

4. **Environmental Response**:
   - This composition may exhibit intermediate moisture sensitivity compared to pure compounds.
   - The Cs⁺ content could potentially improve thermal stability compared to pure FAPbI₃.

## Conclusion

The Cs₀.₂₃FA₀.₇₇PbI₃ composition represents a strategic approach to perovskite design that balances the structural benefits of cesium with the favorable optoelectronic properties of formamidinium. The complete absence of methylammonium may enhance long-term stability by eliminating a common degradation pathway. Further experimental characterization is necessary to determine how this specific compositional ratio influences phase stability, defect formation, and resistance to environmental stressors. 

**The Actual Instability index is 38893**","Parameters: CsPbI: 0.23, FAPbI: 0.77, MAPbI: 0.0, Instability index: 38893.0 

**The Actual Instability index is 38893**"
